K,new_K,use_global_prior,learning_rate,avg_corr,median_corr,min_corr,silhouette_avg,dbi,cell_type_column,silhouette_NMF,input_conc,best_elbo,cell_type_accuracy,subtissue_accuracy,age_accuracy,wayp,mean_cell_entropy,overall_cell_total_entropy,Source
50,47,False,0.2,0.297070556719668,0.297070556719668,0.297070556719668,-0.0894705,7.349592581954121,cell_type_grouped,,inf,2600779210.4225645,0.4385516407920424,0.3323417309658826,0.5792972018220693,NO,2.481815448043386,266958.96048423485,All Tissues
30,30,False,0.2,0.4981131266707854,0.4981131266707854,0.4981131266707854,-0.07907181,4.702775386302215,cell_type_grouped,,1.2235262,591113908.6327496,0.4554243748256949,0.3626940596820674,0.6304731802547179,NO,2.0181342856433147,217082.6325695088,All Tissues
30,30,True,0.2,0.5154547669028925,0.5154547669028925,0.5154547669028925,-0.070182584,4.880374605251907,cell_type_grouped,,1.1976635,593417752.5427967,0.4687180440643302,0.3661336803941619,0.6390257506739797,NO,2.3447148905324267,252211.601915011,All Tissues
200,7,False,0.2,0.9136726541436786,0.9136726541436786,0.9136726541436786,-0.1799715753422362,14.041355641697814,cell_type_grouped,,inf,2490545013.4194617,0.1765826903411732,0.171888072882774,0.4545877103281584,YES,1.1213252231920805,120616.46895787932,All Tissues
30,30,False,0.2,0.3809895414774487,0.3809895414774487,0.3809895414774487,-0.093983315,6.45638237248558,cell_type_grouped,,inf,2672066579.889923,0.4361810913823556,0.3220693501905736,0.5450869201450218,NO,2.0112153363195704,216338.38886655093,All Tissues
30,30,False,0.2,0.9542533745964038,0.9542533745964038,0.9542533745964038,-0.0751497187094503,7.147515168842138,cell_type_grouped,,inf,2685917388.386949,0.4375290508506089,0.3260202658733848,0.5763223947197174,YES,2.2796927107218488,245217.4261215064,All Tissues
200,7,True,0.2,0.9135723483267392,0.9135723483267392,0.9135723483267392,-0.1791338310458702,13.318277144251468,cell_type_grouped,,inf,2486581439.8437204,0.1773728734777354,0.1714697406340057,0.4581202937622013,YES,1.1184702510405302,120309.37102342569,All Tissues
30,27,True,0.2,0.9845284215341964,0.9845284215341964,0.9845284215341964,-0.076278968767372,5.027218807364099,cell_type_grouped,,1.2038109,592406107.407792,0.4405503393139351,0.3540020451798829,0.617830250069722,YES,2.1710162716623347,233527.53627763072,All Tissues
30,25,False,0.2,0.9842222263637802,0.9842222263637802,0.9842222263637802,-0.0823865372655547,5.161744776339647,cell_type_grouped,,1.1946343,593065457.4922833,0.4387840475969136,0.3508413126336339,0.6156456261039324,YES,2.0845517125370985,224226.8895107656,All Tissues
50,43,True,0.2,0.4999898471594618,0.4999898471594618,0.4999898471594618,-0.079913035,5.150216837235399,cell_type_grouped,,1.1834178,594450409.3614565,0.4837780050199869,0.3746862508134238,0.6369340894301385,NO,2.6563568807942803,285733.68423951755,All Tissues
50,47,True,0.2,0.94462136179277,0.94462136179277,0.94462136179277,-0.0918783202494881,7.262548929645525,cell_type_grouped,,inf,2626265422.679512,0.4451519940503858,0.3331319141024449,0.583527005670726,YES,2.485850634607354,267393.0093621746,All Tissues
30,30,True,0.2,0.9537376603202904,0.9537376603202904,0.9537376603202904,-0.07625881790844,7.209252850786719,cell_type_grouped,,inf,2685940530.9528666,0.4393418239286046,0.3287626661708654,0.5808310867342196,YES,2.2815092619479773,245412.8252706961,All Tissues
50,48,True,0.2,0.2397088241705727,0.2397088241705727,0.2397088241705727,-0.09663306,6.803647437913297,cell_type_grouped,,inf,2728739343.891488,0.4575625174305103,0.3440085525704192,0.5880356976852282,NO,2.4610534020108625,264725.6702407004,All Tissues
50,40,False,0.2,0.5126696248412996,0.5126696248412996,0.5126696248412996,-0.08210762,5.152066075045558,cell_type_grouped,,1.2264025,592660158.4664428,0.4760620990982616,0.3802640141303337,0.6310774379473831,NO,2.3263343657938007,250234.482390976,All Tissues
30,30,True,0.2,0.3313326905851046,0.3313326905851046,0.3313326905851046,-0.08913575,7.05058717193184,cell_type_grouped,,inf,2772739864.3263054,0.431393511202008,0.3307613646927582,0.5782746118806359,NO,2.2290633237518485,239771.42548269132,All Tissues
50,14,True,0.3,0.9953598271183371,0.9953598271183371,0.9953598271183371,0.0523870198271624,4.550194878027878,cell_ontology_class,,1.0007946,88375993.01422594,0.8727959697732998,0.3256926952141058,0.5884130982367758,YES,1.5053397142842282,29879.487988827645,BrainOnly
100,34,False,0.2,0.8893439615792896,0.8900248706686544,0.8828533962262537,0.0795476490654954,7.151232289119106,cell_ontology_class,,inf,458230073.3978652,0.829471032745592,0.3098236775818639,0.5133501259445844,YES,2.103477193972135,41751.91882315291,BrainOnly
50,46,False,0.2,0.902491593729114,0.9032609226363868,0.8993821932246522,0.090291102897339,6.617198475025647,cell_ontology_class,,inf,490438356.6052784,0.8685138539042822,0.307808564231738,0.4929471032745592,YES,2.258443934848214,44827.853662802205,BrainOnly
50,12,True,0.2,0.9964426293336794,0.9965934458488176,0.9960463861420396,0.0397179308654395,5.1305246940687566,cell_ontology_class,,1.0081332,88239252.79059477,0.8453400503778338,0.3312342569269521,0.5793450881612091,YES,1.194112411393866,23701.93725375685,BrainOnly
20,20,True,0.3,0.9309097061609924,0.9309097061609924,0.9309097061609924,0.103297589378555,6.110212757704804,cell_ontology_class,,inf,538060802.566078,0.8690176322418136,0.3055415617128463,0.4881612090680101,YES,1.9163866818884745,38038.35924880433,BrainOnly
200,15,False,0.3,0.8965493138119573,0.8965493138119573,0.8965493138119573,-0.0018901941860165,8.722494719659316,cell_ontology_class,,inf,438179236.8610076,0.7591939546599497,0.2841309823677582,0.4692695214105793,YES,1.6847152494224893,33439.91298578699,BrainOnly
20,19,True,0.3,0.9939732958432724,0.9939732958432724,0.9939732958432724,0.0552831542751966,4.82779141610737,cell_ontology_class,,1.0142198,87938046.37595706,0.8690176322418136,0.3375314861460957,0.6103274559193954,YES,1.5227218090340238,30224.505187516337,BrainOnly
100,7,True,0.2,0.9983272609912848,0.9983392947964856,0.99824797455645,-0.0756334958569466,6.066980403852092,cell_ontology_class,,0.9822531,88936959.41655757,0.8178841309823678,0.3231738035264483,0.5614609571788413,YES,0.9507711901666894,18871.85735361862,BrainOnly
200,5,True,0.3,0.9898911881280196,0.9898911881280196,0.9898911881280196,-0.1407439129525744,7.90689511160048,cell_ontology_class,,0.97333413,90384818.57107145,0.7455919395465995,0.3060453400503778,0.5090680100755668,YES,1.0174139843653922,20194.65017566867,BrainOnly
200,4,False,0.3,0.9987691324028124,0.9987691324028124,0.9987691324028124,-0.1709919486231877,16.346087004139473,cell_ontology_class,,0.9597704,90342094.2936586,0.739294710327456,0.2929471032745592,0.4508816120906801,YES,0.9166675304204176,18194.93381131487,BrainOnly
50,42,False,0.3,0.8979243547029502,0.8979243547029502,0.8979243547029502,0.0824121544008712,6.2438852423145725,cell_ontology_class,,inf,497358597.1533058,0.8639798488664987,0.3052896725440806,0.5120906801007556,YES,2.218871284533248,44042.37612670044,BrainOnly
50,46,True,0.2,0.9017395366188158,0.902145173884735,0.8922809246155332,0.0904723361809125,6.70888122576822,cell_ontology_class,,inf,489485777.8353075,0.8675062972292191,0.3123425692695214,0.5095717884130982,YES,2.254139571371222,44742.41635214738,BrainOnly
50,42,True,0.3,0.910265319133172,0.910265319133172,0.910265319133172,0.08945570263757,6.042740513435245,cell_ontology_class,,inf,497837130.7355835,0.8675062972292191,0.3075566750629723,0.4982367758186398,YES,2.216501345978237,43995.33521632202,BrainOnly
100,34,True,0.2,0.8833391394316873,0.878842895548683,0.8772061224554959,0.0752893385754082,7.433335937264532,cell_ontology_class,,inf,456122641.32964057,0.8256926952141058,0.3030226700251889,0.509823677581864,YES,2.094462418727611,41572.98454932435,BrainOnly
100,6,False,0.2,0.9987985712893078,0.9986317747983772,0.9984682126168573,-0.1236320154607176,7.524297170408912,cell_ontology_class,,0.97202814,89076764.84585412,0.7659949622166247,0.3090680100755667,0.5050377833753149,YES,0.8891519203221558,17648.77646647447,BrainOnly
20,20,True,0.2,0.9530430171454752,0.9521695767148548,0.95149924372997,0.1033638996908679,6.0070271286763495,cell_ontology_class,,inf,530931293.4484712,0.8675062972292191,0.3060453400503778,0.4622166246851385,YES,1.7366344673666143,34470.45754275993,BrainOnly
20,16,False,0.2,0.9960790787594894,0.9959594950492762,0.9956608093614548,0.0515890309088386,6.1488205723653815,cell_ontology_class,,1.0088423,87903086.19830881,0.8682619647355164,0.3372795969773299,0.6035264483627204,YES,1.2218568281723603,24252.63618239318,BrainOnly
20,20,False,0.3,0.9384789938230956,0.9384789938230956,0.9384789938230956,0.106686445726891,6.051823723778606,cell_ontology_class,,inf,537709238.3333559,0.8667506297229219,0.3015113350125945,0.4765743073047859,YES,1.912729114210341,37965.76018796106,BrainOnly
50,10,False,0.3,0.9939069459792512,0.9939069459792512,0.9939069459792512,0.0210294534545457,4.632142496464187,cell_ontology_class,,0.9965011,88479289.6607456,0.8506297229219144,0.3309823677581864,0.5531486146095718,YES,1.2357918273926851,24529.231981917408,BrainOnly
20,20,False,0.2,0.950319846250966,0.9496199686022608,0.94547381089967,0.0960866038554952,5.717072585069657,cell_ontology_class,,inf,529750630.6466861,0.8685138539042822,0.3017632241813602,0.4564231738035264,YES,1.727802367172838,34295.14918601366,BrainOnly
50,9,False,0.2,0.9977220973029438,0.9977160493678746,0.9972771304428584,-0.0022374291552598,6.192739440247147,cell_ontology_class,,0.9976071,88415521.0048767,0.8387909319899244,0.3382871536523929,0.5768261964735516,YES,0.9499546067450576,18855.64898928265,BrainOnly
20,16,False,0.3,0.9951694882748422,0.9951694882748422,0.9951694882748422,0.0395454957479181,4.710554803865183,cell_ontology_class,,0.9952385,88059287.27444135,0.8677581863979849,0.3438287153652393,0.6062972292191435,YES,1.289709858880032,25599.450988909757,BrainOnly
20,17,True,0.2,0.9933706051000644,0.993192374477464,0.9926334689556764,0.0796635047797456,5.494390758302374,cell_ontology_class,,1.0128973,87779145.14798841,0.8758186397984886,0.3380352644836272,0.5997481108312342,YES,1.3779077257692742,27350.090448794326,BrainOnly
200,14,True,0.3,0.8858190221616897,0.8858190221616897,0.8858190221616897,-0.0135489769695376,8.951162834861465,cell_ontology_class,,inf,437523342.2757439,0.7554156171284635,0.2886649874055416,0.4695214105793451,YES,1.634695197448318,32447.06497415166,BrainOnly
50,48,True,0.1,0.2532845268126258,0.2745185773290917,0.2103451107285015,0.10229696,6.085647164506511,cell_ontology_class,,inf,492142930.2964432,0.8627204030226701,0.3057934508816121,0.498992443324937,NO,2.118962410362355,42059.28488328239,BrainOnly
200,3,False,0.1,0.9762940092880468,0.9761459198496903,0.9632553915761418,-0.15028626,6.041809383249709,cell_ontology_class,,0.94311345,89711062.5970099,0.6758186397984887,0.2801007556675063,0.4521410579345088,NO,0.3860920925509011,7663.541945042836,BrainOnly
20,20,False,0.1,0.4957282645309142,0.500579448223061,0.3162748022155748,0.08469912,5.335132732728081,cell_ontology_class,,1.0186949,87784204.59456958,0.8753148614609572,0.3367758186397985,0.6138539042821158,NO,1.0958549292913309,21751.624491503622,BrainOnly
200,4,False,0.1,0.6822940840213886,0.5793821860396073,0.4832685351447988,-0.18493244,8.606707708502057,cell_ontology_class,,0.9449852,89685499.35399769,0.6496221662468514,0.2795969773299748,0.4884130982367758,NO,0.3391078500090382,6730.9517148294,BrainOnly
50,47,False,0.1,0.2279756404563414,0.2238476400447085,0.2089363568499292,0.06335601,6.722626606671485,cell_ontology_class,,inf,477240624.0617716,0.8493702770780857,0.3015113350125945,0.4773299748110831,NO,2.127707564961063,42232.867456912136,BrainOnly
100,4,False,0.1,0.8912903132395099,0.9169695517489992,0.8095172730928288,-0.19043635,10.18831529730234,cell_ontology_class,,0.96475923,89028867.06277145,0.7488664987405541,0.3136020151133501,0.5413098236775818,NO,0.5530263877077941,10977.020769612003,BrainOnly
20,20,True,0.1,0.5322961298636923,0.5391706207489384,0.5177964153405797,0.056546494,4.990597887223006,cell_ontology_class,,1.0126165,88013575.21246532,0.881360201511335,0.3307304785894207,0.6161209068010075,NO,1.979984208907986,39300.70656261461,BrainOnly
100,38,True,0.1,0.184829694265589,0.1801303126217783,0.1719513145274848,0.030730017,7.463894182401789,cell_ontology_class,,inf,462149718.6870451,0.7974811083123425,0.3108312342569269,0.4904282115869017,NO,1.975180134398812,39205.35048768202,BrainOnly
200,8,True,0.1,0.934417845852967,0.9339609207238144,0.9046264047055468,-0.10329607,4.833579654654654,cell_ontology_class,,0.9356967,90629310.22392282,0.8153652392947103,0.298992443324937,0.4659949622166247,NO,1.153579396084066,22897.397432872625,BrainOnly
20,20,False,0.1,0.638678533111214,0.6104634427755462,0.5866938248885268,0.09673274,5.081073706662132,cell_ontology_class,,1.0190022,87799070.3909298,0.8778337531486146,0.3516372795969773,0.6103274559193954,NO,1.2410371599556498,24633.34658795969,BrainOnly
20,20,False,0.1,0.630192791443418,0.6254718866980016,0.5427161877707499,0.10316304,5.462242610295198,cell_ontology_class,,1.019778,87743854.74386398,0.8649874055415617,0.3385390428211587,0.5881612090680101,NO,1.132140739252403,22471.861533420943,BrainOnly
100,52,True,0.1,0.1713075964621364,0.1736590898976076,0.1446832856356953,0.019895062,7.748885872538942,cell_ontology_class,,inf,461243531.2421208,0.8241813602015113,0.3269521410579345,0.5282115869017632,NO,2.116420606948558,42008.83262732193,BrainOnly
50,49,True,0.1,0.2388082533121888,0.241959864514677,0.2213912663376439,0.05349124,6.502579985977232,cell_ontology_class,,inf,491529316.4120586,0.8657430730478589,0.3236775818639798,0.5236775818639798,NO,2.2606120452148186,44870.88848546893,BrainOnly
20,20,True,0.1,0.5645891086024234,0.5137299761300551,0.5094760885340706,0.061474066,5.174794006334178,cell_ontology_class,,1.0002167,88068827.25219545,0.8785894206549119,0.3309823677581864,0.6146095717884131,NO,1.9344937016000936,38397.76548306026,BrainOnly
50,46,False,0.1,0.2405195091557138,0.2405197542389629,0.239648814409729,0.06841457,7.270245829231824,cell_ontology_class,,inf,477163816.4186955,0.8559193954659949,0.3,0.4748110831234257,NO,2.052648665003249,40743.023351649485,BrainOnly
20,20,False,0.1,0.6574073702363049,0.6350215302417073,0.5998867797228506,0.09134718,5.150841068563056,cell_ontology_class,,1.0273346,87780345.30705309,0.8760705289672545,0.3428211586901763,0.591183879093199,NO,1.3312673313793286,26424.325260548296,BrainOnly
50,29,True,0.1,0.6426985863767787,0.651585032238193,0.6067100318440486,0.066961505,4.876724903671415,cell_ontology_class,,0.9840398,88582039.57248087,0.8841309823677582,0.3569269521410579,0.6438287153652393,NO,2.124586850422617,42170.924394038535,BrainOnly
50,31,True,0.1,0.6010854552199466,0.5414267234884573,0.5145305796549119,0.060397018,6.09846852112087,cell_ontology_class,,0.9876839,88541988.57866746,0.8760705289672545,0.3483627204030227,0.6173803526448363,NO,2.1966689174927763,43601.681343314114,BrainOnly
20,20,True,0.1,0.2894967004753497,0.2836670319522236,0.2748991439320729,0.08240193,6.46311304398277,cell_ontology_class,,inf,530910758.83271015,0.8667506297229219,0.3052896725440806,0.4765743073047859,NO,1.951591794319044,38737.145525438704,BrainOnly
50,19,True,0.1,0.6259430177050297,0.633702662513572,0.5497252840319067,0.03514685,5.938193487317733,cell_ontology_class,,0.9866272,88556700.97303526,0.8695214105793451,0.3438287153652393,0.6181360201511334,NO,1.7165469648475489,34071.740705259,BrainOnly
20,20,True,0.1,0.3747263550297436,0.3639387603210698,0.3421901221275544,0.078776225,6.466750867477863,cell_ontology_class,,inf,538393023.137019,0.854911838790932,0.3108312342569269,0.4848866498740554,NO,1.9132653403373447,37976.40374035596,BrainOnly
20,20,True,0.1,0.515435800701096,0.5348587354336445,0.4740749488629103,0.04086259,4.585335263813261,cell_ontology_class,,0.9833975,88222228.58102232,0.881360201511335,0.3465994962216625,0.6191435768261965,NO,1.999640471079204,39690.86371045112,BrainOnly
50,22,True,0.1,0.653322577098986,0.6206113797576017,0.5685557018907463,0.062405366,5.708107311101155,cell_ontology_class,,0.98636055,88616191.1944099,0.8750629722921914,0.3420654911838791,0.6256926952141058,NO,1.9468217597704112,38642.46510968289,BrainOnly
100,10,True,0.1,0.8377471202295919,0.8430940349490819,0.796807359825919,-0.08689836,5.449961868681703,cell_ontology_class,,0.9676387,89515541.33468609,0.8259445843828715,0.3299748110831234,0.5609571788413098,NO,1.5931800181760514,31623.030180776444,BrainOnly
20,20,False,0.1,0.3971444591727133,0.3841658016921309,0.3744495831692472,0.106153965,5.458055036679511,cell_ontology_class,,inf,521799636.5071558,0.863727959697733,0.3125944584382871,0.4629722921914357,NO,1.6920258608531618,33585.02131207441,BrainOnly
50,50,True,0.1,0.2250081856784286,0.2317575272101384,0.2056998560602052,0.051672887,6.549069683509108,cell_ontology_class,,inf,497479945.58116007,0.8536523929471033,0.3110831234256927,0.4904282115869017,NO,2.336941407513908,46385.94999774356,BrainOnly
50,48,False,0.1,0.249054508400717,0.2469663025056732,0.2464674513845833,0.064149134,7.17554678849404,cell_ontology_class,,inf,477581571.0505496,0.8546599496221663,0.32544080604534,0.5055415617128464,NO,2.154884599659704,42772.30441864546,BrainOnly
20,20,False,0.1,0.3999377246976023,0.3958640707712976,0.3861235288521722,0.098696135,6.391427988641402,cell_ontology_class,,inf,521404182.6863767,0.863727959697733,0.3040302267002518,0.4662468513853904,NO,1.7872183522401488,35474.497073614715,BrainOnly
50,11,False,0.1,0.5719615165428737,0.5543981937880947,0.5069244351238957,0.12634383,7.098239641186334,cell_ontology_class,,1.003282,88267675.27278584,0.8773299748110831,0.3405541561712846,0.5617128463476071,NO,0.8243940994456374,16363.398479896456,BrainOnly
20,20,True,0.1,0.5689591720300594,0.5666193104869552,0.5113335592389925,0.069554724,5.353955929486249,cell_ontology_class,,0.9996276,88043228.23946904,0.8806045340050378,0.3420654911838791,0.6312342569269521,NO,1.9947908071533615,39594.60273118708,BrainOnly
20,20,False,0.1,0.6180691307479461,0.7290475472469795,0.2636065448801279,0.17001085,4.212252109858799,cell_ontology_class,,1.02379,87724990.58264208,0.8806045340050378,0.3531486146095718,0.580352644836272,NO,1.008318890394991,20014.121655450173,BrainOnly
20,20,True,0.1,0.5617645243162411,0.6000490489230161,0.4606801181034903,0.09029594,5.098669850516941,cell_ontology_class,,1.0015923,88043477.84040265,0.8808564231738035,0.3420654911838791,0.6229219143576826,NO,1.8317786334360815,36358.97409507279,BrainOnly
20,20,False,0.1,0.4081912618097295,0.3815715775892714,0.375438836194741,0.09296004,6.577608132322297,cell_ontology_class,,inf,521534866.5873432,0.8629722921914358,0.3138539042821158,0.4596977329974811,NO,1.8100141400141807,35926.970665141474,BrainOnly
20,20,False,0.1,0.4269385040712838,0.4422046252953374,0.3793931203864564,0.07868237,7.489324561175699,cell_ontology_class,,inf,520482694.7123381,0.8554156171284635,0.3103274559193955,0.4758186397984886,NO,1.791395844604812,35557.41611956091,BrainOnly
200,2,False,0.1,0.7618786851707786,0.6885821300647678,0.6012726653980747,-0.1712068,79.33868481794441,cell_ontology_class,,0.94800603,89723099.50404483,0.6727959697732997,0.2795969773299748,0.4256926952141058,NO,0.1160027908245146,2302.5393950757907,BrainOnly
100,12,True,0.1,0.5830339300153863,0.5712508338707644,0.5421179432865917,0.06752513,5.390264771486197,cell_ontology_class,,0.94639003,89641339.36637862,0.8564231738035264,0.3347607052896725,0.5443324937027708,NO,1.4831313415640608,29438.67399870504,BrainOnly
50,10,False,0.1,0.8821267212691222,0.8742685588596539,0.857951871621213,0.009000664,4.899199888498437,cell_ontology_class,,1.0108647,88330981.42877197,0.8672544080604534,0.3418136020151133,0.575566750629723,NO,0.9686797938134726,19227.325227403617,BrainOnly
20,20,True,0.1,0.4542141110019551,0.4623320117737813,0.4296488959141761,0.09618755,6.277860634264396,cell_ontology_class,,inf,536401380.7654988,0.8612090680100756,0.3007556675062972,0.446095717884131,NO,1.8769370045735088,37255.32260377958,BrainOnly
50,32,True,0.1,0.7020432531248076,0.7095551440002055,0.6836143617618015,0.08171949,5.449860773041133,cell_ontology_class,,0.98780364,88605689.91332774,0.8836272040302267,0.3428211586901763,0.6234256926952141,NO,2.3021679378605984,45695.73139859502,BrainOnly
100,10,True,0.1,0.7459222546041135,0.794308713959897,0.6094434661833615,-0.1150362,5.870306685679751,cell_ontology_class,,0.96021366,89486334.45005724,0.8168765743073048,0.3307304785894207,0.5183879093198992,NO,1.3533809694262633,26863.258862141894,BrainOnly
20,20,True,0.1,0.3527748942911096,0.320974948238252,0.3199785132349214,0.0833171,6.403185584473645,cell_ontology_class,,inf,533732199.3115814,0.8526448362720404,0.3125944584382871,0.4591939546599496,NO,1.942059068796132,38547.93045653443,BrainOnly
50,50,True,0.1,0.2291651212185136,0.2252683273364679,0.2136613615744804,0.045881923,6.621394823167423,cell_ontology_class,,inf,485237558.62568593,0.8629722921914358,0.3002518891687657,0.5095717884130982,NO,2.262114108208598,44900.70293383247,BrainOnly
50,11,False,0.1,0.5906045422268408,0.5873010176625235,0.2272456533862168,0.13951772,4.846403764034021,cell_ontology_class,,1.0101486,88306761.56823963,0.8667506297229219,0.3370277078085642,0.5596977329974812,NO,0.7238531173979343,14367.7605272316,BrainOnly
20,20,False,0.1,0.6949291867863118,0.6963624634851292,0.656401552463002,0.25014314,5.141873793079321,cell_ontology_class,,1.016795,87770878.48982461,0.8667506297229219,0.3471032745591939,0.5884130982367758,NO,0.9251371148893852,18363.046593439405,BrainOnly
20,20,False,0.1,0.3970630545490141,0.394627010213962,0.3794226078237223,0.0878648,5.48373359698995,cell_ontology_class,,inf,520213725.0204468,0.8629722921914358,0.3030226700251889,0.4657430730478589,NO,1.7934438865390585,35598.06770391377,BrainOnly
50,47,False,0.1,0.2168860489615554,0.2128822874296885,0.21255739729075,0.053369775,7.1140514229595,cell_ontology_class,,inf,478211286.1196749,0.851889168765743,0.3196473551637279,0.5032745591939547,NO,2.1858073458453107,43386.09000768357,BrainOnly
20,20,True,0.1,0.3619711669484913,0.3487637577251392,0.3369090717394933,0.06775087,5.982815697386349,cell_ontology_class,,inf,535001755.5494777,0.8536523929471033,0.3015113350125945,0.4670025188916876,NO,1.8800527479779,37317.16699461334,BrainOnly
50,50,True,0.1,0.2553384353863554,0.228536153746295,0.2194096727987003,0.033922937,7.614642194591019,cell_ontology_class,,inf,487697923.3980422,0.8584382871536524,0.3123425692695214,0.514609571788413,NO,2.287620882954746,45406.98690576877,BrainOnly
100,5,False,0.1,0.888441742989349,0.8738320644717316,0.8417610662972018,-0.2030832,5.759113772003518,cell_ontology_class,,0.96441376,89059937.19378068,0.7183879093198993,0.298992443324937,0.5267002518891688,NO,0.6004382199353029,11918.098227495826,BrainOnly
100,44,True,0.1,0.1729951045663716,0.1704972664459551,0.1634293634247389,0.026024338,7.54378067394941,cell_ontology_class,,inf,455244830.94956994,0.7685138539042821,0.2942065491183879,0.4972292191435768,NO,2.0180133144102754,40055.546277729554,BrainOnly
50,47,False,0.1,0.2143332192937327,0.2105411225816732,0.204906584635443,0.057963073,6.02644699835202,cell_ontology_class,,inf,477088178.8461625,0.8544080604534005,0.307808564231738,0.4793450881612091,NO,2.1119500437350807,41920.096418097615,BrainOnly
50,13,False,0.1,0.8595917681073643,0.8941088579830945,0.7844314635622196,-0.032851107,5.0704424327701005,cell_ontology_class,,1.0021574,88297776.45980403,0.853904282115869,0.3413098236775819,0.5904282115869017,NO,1.1935608252649794,23690.98882068457,BrainOnly
50,49,True,0.1,0.2492315676225821,0.2423638162691633,0.2376035131116332,0.05005347,6.679778962422574,cell_ontology_class,,inf,491463652.8641484,0.8634760705289672,0.3136020151133501,0.5267002518891688,NO,2.249153322259805,44643.44429353486,BrainOnly
20,20,True,0.1,0.629455649629806,0.6185336026931773,0.609556846954745,0.057472676,5.808243783966397,cell_ontology_class,,0.99961555,88081158.61903714,0.8806045340050378,0.3382871536523929,0.6148614609571789,NO,1.8845752459958265,37406.93405777116,BrainOnly
50,11,False,0.1,0.6011914255748122,0.55599333651256,0.5125444458631107,0.12229882,8.051221624372857,cell_ontology_class,,1.0075792,88308576.8729072,0.8773299748110831,0.3186397984886649,0.5476070528967254,NO,0.8987677093560253,17839.640263007746,BrainOnly
100,5,False,0.1,0.916539114200709,0.8861949683232805,0.881261868483098,-0.23787853,7.35332807325033,cell_ontology_class,,0.9822752,89048796.14071885,0.7654911838790932,0.3055415617128463,0.4957178841309824,NO,0.4582205783934354,9095.2202605313,BrainOnly
200,6,True,0.1,0.9037344284692752,0.9321580834222142,0.8317894493117667,-0.17409068,6.376871776985823,cell_ontology_class,,0.9323801,90755380.4211305,0.7778337531486146,0.3198992443324937,0.5297229219143577,NO,1.041563367636476,20673.99128421641,BrainOnly
50,46,False,0.1,0.2175958985422299,0.2154404162896777,0.2010882030789786,0.04315164,7.102991328146735,cell_ontology_class,,inf,477097078.56178826,0.8503778337531486,0.3204030226700252,0.4939546599496222,NO,2.122054499871882,42120.65976795699,BrainOnly
20,20,True,0.1,0.3486339702569999,0.3475286670726211,0.3222338333849721,0.0942261,6.452461534999117,cell_ontology_class,,inf,540988748.7521656,0.8644836272040303,0.3070528967254408,0.4770780856423174,NO,1.9473854211410695,38653.65322422909,BrainOnly
200,8,True,0.1,0.8851326032061166,0.8986275605016271,0.8512076833514177,-0.151803,7.506407866948762,cell_ontology_class,,0.95252293,90625575.66771226,0.8163727959697733,0.3267002518891688,0.5544080604534005,NO,1.36970057781736,27187.18676909678,BrainOnly
50,29,True,0.1,0.6146758645258599,0.524044472878879,0.5082729458585704,0.05106015,4.285348148363644,cell_ontology_class,,0.9940008,88667841.97283465,0.8629722921914358,0.3367758186397985,0.6241813602015114,NO,2.107884268985992,41839.39485510295,BrainOnly
20,20,False,0.1,0.3816201108769643,0.3692984077041124,0.3364329903187276,0.107049555,6.52357168049879,cell_ontology_class,,inf,520681294.5099947,0.8614609571788413,0.3025188916876574,0.4770780856423174,NO,1.661142666532222,32972.02078799807,BrainOnly
