junction_count,coverage
1338,1466
1699,1872
4673,5758
230,249
509,530
2492,2788
254,269
312,330
2879,3362
7940,9649
498,531
121,128
5546,7056
1596,1747
421,451
9219,11764
1540,1705
1283,1444
6994,8416
832,902
875,959
1433,1567
5387,6506
1026,1114
2783,3107
8229,10321
499,529
580,633
3627,4189
7180,8798
1680,1938
2021,2215
896,978
1130,1259
11504,14796
789,843
734,816
2104,2349
268,286
3966,4938
2128,2373
299,313
777,829
2549,2848
1628,1784
8526,10667
719,775
3858,4426
5827,6834
3044,3426
7403,9009
1862,2033
714,770
3255,3697
641,696
363,393
1710,1955
729,800
1043,1145
346,366
5069,5903
5259,6190
1362,1536
2479,2864
948,1036
1209,1318
16078,22485
938,1001
2822,3219
1030,1111
2296,2531
4698,5628
553,586
1501,1647
1331,1483
6277,7310
952,1068
2086,2315
411,442
531,583
2610,2912
5058,6078
1854,2057
535,574
384,406
4961,5738
400,417
1125,1191
248,263
1519,1674
4345,4972
1685,1880
853,936
173,187
429,456
761,821
1670,1816
4986,5995
547,589
1178,1300
697,757
973,1051
10887,14203
359,392
1135,1261
414,457
1349,1466
3607,4190
1214,1398
540,582
2738,3057
2972,3347
4372,5111
19850,30773
3450,3892
795,855
2495,2861
1464,1710
2816,3288
1476,1703
1303,1418
446,488
622,660
271,286
2779,3114
7708,9409
229,246
1852,2063
222,247
3755,4311
1708,1913
10278,13060
5087,6037
963,1039
1461,1605
306,325
1035,1146
291,312
1564,1736
1530,1707
1368,1513
575,620
578,628
1298,1499
1009,1104
778,854
969,1055
1385,1553
456,489
325,349
2679,3020
5300,6661
3598,4143
1209,1330
517,568
5625,6602
2392,2786
5849,7327
632,682
2690,3035
436,462
11331,14445
633,704
443,473
481,514
343,362
1308,1422
1238,1415
3355,3861
5966,7118
173,190
564,596
1414,1547
1073,1178
572,607
360,390
3445,3962
3854,4510
2357,2638
2962,3370
3544,4053
347,371
6232,7450
5200,6217
1149,1266
1744,1914
3075,3475
10303,13162
828,901
1221,1328
5786,6799
1437,1563
743,839
2337,2597
1872,2058
629,670
3345,3826
2802,3115
1662,1839
2249,2534
2240,2638
638,680
14631,20313
6782,8291
1262,1389
1034,1174
221,233
412,434
5421,6504
2748,3128
422,446
1927,2116
4930,5712
370,397
1188,1291
687,745
3860,4456
6367,7428
1212,1315
3149,3553
616,667
488,523
2361,2638
795,857
1306,1492
542,586
1480,1640
1553,1702
2353,2631
3464,3991
524,583
712,743
2576,2865
293,311
679,743
2183,2451
2783,3157
3366,3859
4346,5044
4690,5889
1319,1433
5127,6045
2034,2235
2260,2545
282,297
1422,1572
842,906
404,442
2318,2714
614,657
1417,1538
5679,6702
1003,1100
1610,1770
5317,6186
172,185
740,829
722,798
7936,9790
2403,2660
317,357
4134,4873
3106,3487
9139,11276
600,647
5528,6587
1993,2280
3031,3658
1223,1348
1003,1094
3708,4245
356,381
5123,5928
668,729
2548,2850
567,609
316,343
556,616
648,692
4545,5266
1409,1553
2934,3319
574,610
1766,1971
7757,9675
537,564
1685,1850
509,565
2769,3125
13144,17975
193,205
12123,16052
4635,5295
243,260
4787,5595
2586,2884
3706,4200
5070,5955
961,1024
570,615
3350,3863
632,683
8823,11072
4528,5208
3229,3704
928,1045
4880,5666
3140,3558
876,946
226,238
455,500
8440,10525
768,833
624,672
10455,13413
13338,19118
1212,1352
516,553
2040,2256
3365,4035
1771,1938
3876,4421
1949,2164
409,432
356,400
458,487
3551,4090
886,960
4543,5425
371,399
10802,14102
1078,1171
13361,17367
2332,2600
1211,1341
890,989
1749,2084
524,558
233,243
519,563
298,317
662,708
637,686
3418,3873
1106,1200
2263,2506
8142,10519
666,723
1704,1854
10919,14312
4082,4704
586,629
463,491
439,471
3062,3503
739,793
5997,7340
1391,1563
4065,4629
4520,5520
1124,1309
7481,10277
582,636
1871,2212
2242,2485
930,1035
7632,9085
1063,1152
243,259
1468,1664
2974,3403
1334,1457
711,768
3838,4436
1926,2247
2028,2288
1429,1645
991,1068
543,593
1244,1354
348,364
665,729
2009,2335
5479,6433
1651,1875
3205,3675
7014,8329
2222,2555
5867,6835
380,409
3129,3574
333,355
15916,21601
6493,7746
3415,3936
210,230
627,691
356,388
2964,3332
2035,2256
14409,20058
4080,4685
703,769
12147,16517
820,887
7578,9312
1848,2046
11776,15267
1818,2024
624,689
3066,3516
24141,39935
175,192
2063,2373
418,447
1987,2315
4504,5155
1404,1604
1622,1804
3657,4236
2780,3168
667,720
5370,6908
5748,6748
18727,34839
678,742
574,612
4193,4879
1816,2011
4642,5362
2949,3346
15421,20984
494,542
3732,4357
1105,1213
379,408
8232,10045
759,823
5072,6023
346,374
1661,1847
567,599
4864,5714
10525,13464
7836,9736
14875,20920
2437,2664
4218,4883
632,691
5577,6527
2798,3120
1186,1282
1499,1656
776,839
430,468
1196,1294
1142,1253
5215,6235
658,714
859,903
536,578
487,525
1687,1857
7046,8607
752,825
979,1058
2433,2706
16632,23123
1457,1592
6391,7651
982,1085
6566,7900
598,651
313,331
418,449
15172,20751
2651,2946
2225,2501
415,442
12432,16415
1628,1796
1798,2133
956,1041
393,421
1638,1795
11480,15740
2125,2392
10747,14694
590,624
2313,2698
296,314
4977,5760
595,652
394,426
243,262
430,466
353,376
5775,6856
888,949
942,1012
1624,1794
825,915
12953,17340
1185,1280
1168,1323
4128,4738
436,475
4937,6045
3147,3590
2172,2451
1095,1216
4381,5129
716,757
8736,12923
4649,5386
250,268
287,304
3120,3495
2396,2673
4121,4807
560,614
796,879
251,265
520,570
2545,2836
879,968
11760,17365
2216,2570
2879,3248
6961,8723
2719,3096
1509,1649
285,310
6090,7190
347,366
15008,21152
272,291
1215,1305
2011,2257
1202,1329
4017,4642
3499,3985
204,213
726,784
1230,1369
191,202
3115,3481
4351,5332
995,1112
5297,6246
3080,3465
659,702
4756,5617
1226,1335
1500,1637
2588,3026
1777,1942
1180,1333
1384,1570
302,332
3998,4638
1466,1622
873,933
5420,6294
2031,2371
5037,5861
544,581
1999,2197
12179,15637
3601,4109
1494,1688
5586,8401
18321,26902
5865,6952
1966,2153
297,310
532,585
5976,7084
432,462
4138,4799
9738,12458
17779,26071
4029,4607
1110,1235
11276,14743
1000,1076
8234,10413
1598,1769
2280,2539
2243,2490
4029,4584
5729,7011
921,1004
1575,1713
1085,1181
639,680
1136,1233
1226,1401
499,542
2862,3300
1208,1361
2154,2398
2096,2313
654,700
539,586
143,150
550,593
7992,9821
1074,1161
339,359
6168,7429
1096,1207
823,923
438,460
1119,1222
11479,15415
1979,2202
862,916
441,475
1118,1218
1089,1164
3206,3663
367,392
839,933
3946,4589
725,797
285,311
461,486
1980,2174
862,934
187,201
767,811
1131,1227
2432,2704
968,1055
571,610
386,413
7344,9109
14671,20683
3934,4462
8288,10494
613,663
1822,2042
1810,2041
2880,3270
287,308
1466,1665
431,457
2857,3204
8638,12076
3658,4196
298,323
2515,2803
2357,2582
2775,3135
211,225
332,349
841,910
648,704
1533,1772
431,465
21297,33013
312,324
1225,1344
209,231
1230,1330
2095,2432
612,655
6118,7283
2667,3002
2864,3213
697,753
1052,1185
3564,4128
540,574
847,917
1377,1524
1683,1854
3484,3968
9956,12774
1264,1360
8956,11207
1918,2192
3574,4217
237,253
1653,1841
2400,2702
390,411
5191,6105
7018,8408
1778,1957
492,533
8229,10255
3478,3936
603,673
1814,2009
9811,12365
5431,6427
354,379
8331,10548
3188,3617
2835,3206
1486,1613
1307,1470
2028,2276
2578,2912
384,410
6977,8434
1029,1131
6950,8286
1321,1525
2596,2994
4882,5679
1617,1837
826,899
1383,1528
335,364
3975,4652
449,481
225,241
1074,1154
1345,1476
2404,2688
210,223
351,366
291,312
545,589
943,1035
3446,3916
1216,1330
1005,1093
9191,11277
1734,1926
1348,1480
10730,14207
2112,2354
1259,1368
970,1051
1929,2146
1497,1628
13091,17955
11880,15442
969,1074
604,650
2609,2911
1236,1359
510,545
3498,3991
304,330
2193,2437
518,556
1175,1285
549,577
868,927
1424,1567
6272,7752
12850,17178
346,376
348,369
4060,4673
442,468
7150,9092
1093,1215
5052,5891
3751,4279
756,847
2481,2818
539,585
6030,7145
4596,5382
15132,20730
444,488
1097,1206
1116,1250
598,639
328,353
1135,1233
7732,9621
2769,3101
598,654
9780,12416
1354,1475
5192,6017
3439,3918
510,552
2554,2877
4941,5830
375,404
1036,1171
2489,2730
1122,1213
5408,6432
598,656
4209,4854
889,981
3929,4536
641,697
348,374
321,344
497,538
1346,1526
4299,4886
309,335
1357,1466
3362,3844
529,569
3367,3774
228,249
291,315
4183,4795
3015,3413
254,271
4886,6023
1701,1891
501,545
8685,11003
1418,1542
673,710
407,446
190,212
6032,7364
371,391
19218,28588
324,341
328,347
1638,1864
2995,3584
6770,8259
4845,5628
603,640
1831,2027
2380,2675
244,264
2007,2241
856,927
5749,6791
417,448
2914,3284
942,1055
2092,2443
2458,2776
2935,3351
4049,4614
7260,9083
492,525
7444,9141
3104,3563
1347,1486
1168,1328
892,976
5261,6204
1901,2095
150,162
288,305
2190,2446
1966,2177
1744,2002
1692,1850
1484,1604
2215,2475
1819,2004
357,378
5343,6410
429,457
637,695
1463,1660
893,995
434,465
6764,8230
477,524
6191,7555
774,836
2710,3314
1143,1249
7281,9003
14396,19724
1763,1973
958,1035
1052,1161
3251,3677
1248,1373
4354,5127
2338,2630
1698,1890
3106,3487
620,661
797,883
539,569
1391,1538
721,793
7452,9346
368,389
3224,3691
565,609
5512,6495
7521,9318
3003,3431
507,559
497,532
1343,1471
1303,1431
220,241
2222,2430
333,345
1145,1256
3151,3603
1835,2123
5706,6727
499,537
2361,2659
21568,33596
5293,6143
1315,1432
5625,6545
632,692
904,977
248,257
716,814
1769,1948
806,866
457,489
5303,6286
13174,18664
652,725
1645,1848
537,578
2089,2316
1125,1254
3492,3982
1242,1348
761,843
4138,4813
1148,1261
953,1028
3324,3770
1951,2163
468,504
7284,9048
2893,3230
470,512
1299,1401
1754,1956
2142,2371
518,562
1435,1580
1245,1356
280,301
280,301
2035,2343
607,660
7121,8535
239,262
641,692
1745,1914
15449,22570
4431,5529
839,923
2147,2358
2246,2618
622,673
1993,2208
3856,4476
2333,2626
513,542
765,859
3861,4498
829,900
2018,2242
2292,2544
2995,3366
4880,5719
540,598
2733,3034
196,206
4227,4974
320,342
3022,3435
9624,11916
5070,5802
393,420
248,266
842,905
2357,2643
9071,11377
2104,2346
1058,1142
10835,13896
218,230
1814,2149
418,453
456,489
1024,1120
3838,4463
1239,1339
4307,4994
280,301
1107,1209
965,1107
1076,1203
177,188
197,210
8595,10937
376,400
6584,8005
7279,8849
9601,11916
5272,6315
448,471
4619,5420
2184,2416
1339,1534
5316,6273
2010,2218
12279,17448
471,509
1581,1785
18522,27017
1538,1682
8192,10383
271,287
16034,23139
2458,2776
1346,1498
3887,4458
506,543
715,800
7666,9205
5351,6229
949,1048
1735,1913
1679,1865
577,623
1785,2040
1653,1823
1728,1904
1072,1207
5086,5936
3844,4536
5091,5986
3091,3559
1771,1974
3008,3518
491,530
2780,3155
4405,5145
9300,11640
1938,2141
699,751
1560,1742
567,617
275,292
1395,1506
463,499
1415,1585
625,684
586,642
1974,2175
1074,1199
2884,3212
11473,15312
1648,1814
1507,1686
585,628
207,219
9068,11404
1300,1410
305,326
3444,3900
627,687
2992,3431
3136,3569
860,935
3486,3993
199,217
1614,1761
2447,2848
3544,4059
1263,1434
1396,1525
643,704
1151,1259
710,768
989,1102
816,881
196,205
9698,12290
3434,3920
1541,1670
4605,5462
2108,2348
1703,1878
272,294
5785,6806
2847,3235
1857,2051
1339,1461
2070,2289
835,899
1584,1752
1629,1917
999,1056
1231,1375
313,335
203,218
2850,3195
600,642
477,506
8380,10279
443,467
1077,1191
1704,1906
1820,2018
1269,1393
391,420
446,479
377,401
3792,4352
1374,1506
994,1085
1065,1158
7181,9796
1320,1447
9996,12474
5501,6563
2649,3000
570,614
1529,1747
1732,1920
4244,4890
2204,2438
2233,2498
268,294
8605,10706
2098,2471
1106,1224
717,789
826,901
8537,10698
9805,13561
3197,3625
5961,7169
1091,1175
495,524
1992,2305
1030,1135
5855,6858
2190,2462
14950,20441
573,619
1208,1317
2131,2349
837,914
1265,1370
1966,2166
392,427
816,875
1199,1312
14208,19144
226,250
8638,12025
3716,4248
6530,8161
428,448
6203,7486
5068,6059
2465,2732
2328,2771
2976,3563
840,906
8987,10923
3419,3901
822,915
1411,1522
2295,2594
1947,2171
2879,3644
5530,6408
883,985
2453,2733
756,804
335,364
608,660
1182,1297
5216,6253
1151,1288
2492,2915
1207,1329
3015,3409
832,897
1011,1096
15286,22085
15699,21941
934,1010
6545,8115
2541,2835
1496,1663
1485,1660
6779,8154
7670,9697
9818,12860
508,536
1296,1408
1819,2049
1697,1873
306,320
4277,4976
677,738
5641,6736
2024,2338
1426,1572
3565,4040
508,553
275,293
2060,2275
1406,1574
5238,6606
375,393
2862,3246
4770,5651
4322,4976
9748,12322
666,713
2248,2670
2076,2292
588,632
14950,20053
10057,12842
1288,1396
24480,39700
4936,5795
12002,16488
27762,45736
1229,1354
1983,2183
9857,12278
1903,2285
1490,1622
4452,5194
7580,9427
1664,2076
1042,1131
11043,14249
5898,7119
2326,2589
629,690
1162,1249
1995,2250
356,375
2137,2391
787,856
1166,1278
5149,6131
334,363
2012,2227
2389,2671
632,706
2030,2259
1350,1474
476,501
1816,2024
686,753
565,634
1878,2075
2030,2212
762,843
516,559
331,348
920,992
568,641
5622,7140
361,382
4467,5487
273,292
17420,25202
9532,12162
466,520
329,353
1568,1736
7127,9022
6788,8379
5060,5960
295,309
2347,2652
2415,2705
3186,3804
1817,1992
297,319
2495,2782
1647,1797
1867,2183
2296,2582
4515,5328
1167,1314
27962,49385
1254,1367
3109,3564
5626,6723
303,331
8277,10235
2549,2859
6879,8384
4529,5190
1929,2144
3879,4479
1031,1146
1199,1311
7935,9656
2257,2543
821,890
1642,1815
400,418
549,583
734,804
1882,2062
4201,4819
2443,2878
683,750
1071,1191
21506,33747
1161,1315
794,858
1694,1877
1219,1338
874,991
2945,3334
2461,2746
525,563
548,586
897,961
3470,4047
1858,2028
1041,1111
1135,1240
490,536
8455,12840
950,1034
849,943
1124,1236
3313,3791
1813,2001
493,528
1091,1195
671,721
6990,8597
1054,1142
20308,29291
2551,3059
2704,3011
188,197
4725,5458
826,887
9667,12161
1559,1710
1348,1470
290,309
1014,1123
5141,6440
843,930
1478,1628
3466,3973
423,447
606,658
1796,1962
1808,2008
9632,12188
651,719
2579,2888
819,906
1095,1189
3654,4151
632,685
2913,3260
3444,3934
607,660
791,870
1062,1167
1707,1939
627,663
1782,1985
890,970
784,847
752,833
1896,2109
294,311
1823,2002
940,1017
2373,2655
737,800
371,394
1742,1926
6594,8011
3709,4189
344,367
980,1086
394,427
2101,2320
2528,2806
1397,1516
15859,21955
1278,1460
3327,3777
2105,2361
1707,1837
2766,3150
487,528
9713,12400
415,433
3131,3785
633,688
24054,50810
552,606
11562,14831
1898,2108
2352,2791
243,265
2269,2549
370,399
534,597
1415,1626
1454,1599
3104,3526
1353,1513
1441,1567
2281,2544
858,954
498,552
213,230
11828,15467
3117,3491
283,294
2322,2557
1280,1459
1357,1474
1228,1325
285,314
1571,1750
1609,1796
9017,11389
6767,8102
4587,5652
9761,12570
1134,1227
7903,9783
885,971
623,676
2641,2967
2095,2336
904,1000
7429,9331
3761,4501
143,152
811,884
3315,3734
14149,19738
10606,13273
6452,7786
1650,1811
3586,4137
1076,1180
8522,10580
591,627
859,941
779,832
6219,7380
792,846
1955,2286
1062,1198
1463,1598
1065,1147
802,868
3173,3589
9331,11483
5739,6774
1602,1877
1348,1487
4697,5573
2672,2977
997,1080
1298,1415
2116,2346
3632,4109
2193,2583
7584,9454
9295,11629
942,1037
623,686
1545,1724
874,936
3173,3634
219,236
3313,3823
2492,2830
1685,1942
638,695
1464,1623
14727,19822
549,581
697,751
5053,5849
4437,5212
11450,15250
4389,5096
745,807
488,518
2591,3064
3047,3415
3726,4194
1934,2140
2786,3124
2665,3010
1319,1438
1672,1852
1154,1288
1193,1303
228,239
6329,7468
836,933
3346,3934
2989,3326
519,569
3574,4152
649,711
1187,1292
274,286
4231,4902
1176,1302
4642,5417
5035,5812
4387,6314
508,545
8612,10997
1788,2000
1082,1187
432,465
5951,7129
227,237
1688,1890
4256,4880
2574,2890
1014,1099
593,630
387,405
730,798
623,668
820,915
4291,5035
1377,1498
3024,3399
558,622
1117,1232
463,503
1212,1363
913,987
341,376
995,1123
1288,1372
257,275
609,649
2968,3336
2542,3057
1241,1354
2463,2744
3376,3849
2567,2874
1360,1496
523,567
1546,1690
1539,1707
371,403
2239,2511
4498,5788
8087,10216
176,188
1130,1286
728,770
161,167
4641,5492
1879,2059
2322,2650
943,1037
551,595
1264,1399
2056,2259
2220,2526
938,1033
12498,16694
10174,13369
893,1005
8971,10983
421,451
2743,3097
239,261
653,689
5497,6430
593,666
6472,7893
1150,1272
4263,5241
5617,6733
6105,7519
4164,4798
4120,4888
2921,3326
1446,1659
10113,12808
690,757
961,1046
11590,15078
4725,5497
3771,4362
489,525
2576,2920
6117,7341
7700,9472
819,901
590,630
13245,22465
4374,5529
5043,5973
1867,2088
10184,13061
2313,2721
21800,33904
930,1036
11747,15745
6290,7633
4294,5039
1079,1204
331,356
10535,13344
2439,2802
500,538
4183,4861
445,478
1099,1187
534,582
996,1128
919,1002
6285,7551
3463,3968
10749,13952
4133,4793
652,701
2130,2503
934,1013
16204,24074
2265,2517
6724,8032
551,590
367,388
4588,5326
941,1035
1221,1342
12686,17229
12197,16226
1120,1226
669,722
5091,6061
4412,5058
2377,2700
462,487
3418,3865
2017,2241
3979,4617
3217,3630
3032,3413
2841,3244
7348,8993
10813,14310
1629,1794
8770,10694
6713,8006
13482,17816
488,529
446,483
292,319
681,717
716,772
10645,14130
967,1081
405,433
19182,36823
655,740
889,970
454,497
290,306
1304,1433
2537,2882
1598,1757
1363,1510
4382,5012
1026,1123
593,629
288,301
3347,3779
653,710
1183,1354
4052,4700
727,796
6368,7704
676,717
3775,4257
1610,1771
5394,6399
256,270
1308,1464
524,554
3164,3851
4367,5080
660,698
3337,3793
381,414
5485,6419
866,964
1527,1758
191,202
3756,4688
752,824
902,983
2312,2605
1959,2297
3315,3802
1069,1165
1861,2054
16572,23008
16949,31889
480,512
5246,6123
1273,1392
1909,2114
3963,4680
1579,1736
404,446
2432,2678
1413,1562
710,774
925,1000
1970,2186
3149,3642
2625,3062
2915,3493
3915,4459
14605,20038
344,374
6281,8134
5243,6180
457,495
12985,17671
1751,1956
1746,1924
1909,2100
827,910
542,595
2994,3361
3716,4201
2020,2248
262,286
3034,3440
589,626
396,419
304,326
728,779
11795,15569
5020,5890
271,285
1178,1341
1602,1763
5839,6892
1301,1438
1988,2223
2168,2418
1040,1205
774,848
6613,8040
4328,4964
426,465
2520,2829
1315,1478
5667,6645
2188,2442
196,202
717,791
7680,9329
2976,3561
1575,1752
1153,1261
1774,1950
491,537
890,975
4541,5364
4066,4693
2576,2837
1685,1855
1298,1423
4995,5899
399,435
424,482
229,245
5002,5789
537,575
1211,1346
689,727
5047,6171
463,490
3523,3982
3078,3495
6981,8525
237,250
2387,2653
653,704
5550,6626
3233,3683
2358,3090
356,392
1384,1499
4481,5189
2643,3074
5078,5993
2326,2608
2212,2445
4481,5241
7926,9881
733,798
699,773
9852,13817
538,588
5471,6477
7065,8744
1749,1923
893,966
1608,1778
3090,3525
348,368
287,306
1268,1423
280,294
3630,4141
1468,1592
4557,5190
5210,6050
234,248
325,345
4782,6061
1028,1123
5769,6847
5859,6888
2957,3377
2792,3100
462,486
5439,6397
979,1095
1322,1441
3140,3592
465,515
1958,2158
3445,4174
3453,4092
36805,77071
957,1052
5313,6221
206,222
9324,11818
1704,1974
7510,9127
518,566
3607,4074
230,248
891,965
7304,8814
18439,37096
4129,4695
2379,2777
244,257
314,340
1308,1439
349,379
818,909
3370,3820
1032,1124
273,291
934,1023
1269,1457
636,701
422,455
969,1029
1257,1416
354,383
300,323
9571,12129
2552,2916
2008,2242
6194,7391
1169,1312
1249,1365
3576,4022
2318,2587
2217,2459
2285,2628
2875,3256
8141,10218
2030,2231
4869,5734
877,957
694,773
611,671
709,765
5132,6072
966,1070
5234,6119
4407,5145
13001,16993
10889,13871
3100,3474
669,729
833,906
367,394
3635,4067
6304,7599
8348,10585
1459,1630
3410,3860
2307,2549
5063,5981
1119,1214
4464,5149
400,425
926,1005
992,1102
6107,7520
360,380
2492,2777
846,933
10876,13912
322,339
10987,13970
968,1080
12330,17220
6195,7327
506,555
555,600
6314,7483
636,683
5062,5978
1749,1916
1842,2054
3698,4205
748,801
2261,2601
6038,7187
6051,7376
783,850
248,268
2184,2391
3786,4333
1220,1359
1524,1652
2960,3347
1391,1517
1115,1207
218,230
2410,2687
2909,3282
4544,5244
385,407
5000,6069
548,578
4934,5814
504,547
15633,22723
397,419
7128,8853
3369,3844
8589,10753
1276,1385
1972,2146
397,425
3684,4171
1205,1328
2012,2216
674,724
939,1017
1177,1265
1387,1540
607,644
366,391
9902,12551
658,702
234,249
1860,2075
282,305
1220,1359
637,684
2361,2974
7706,9452
19122,28707
1076,1186
11539,15316
2625,2934
2431,2691
9960,12824
1945,2126
967,1051
945,1056
7796,9710
5245,6072
18126,26268
2672,3011
878,959
354,374
1072,1175
2459,2843
263,281
565,605
1480,1633
413,451
341,364
571,609
520,567
3479,3947
541,590
867,969
1899,2086
1287,1413
10705,14159
964,1050
2058,2355
1917,2116
382,426
3103,3541
940,1027
375,399
8432,10271
574,634
2105,2380
620,672
620,670
9464,11986
403,435
1150,1307
355,393
1589,1782
501,543
7670,9284
15551,21518
3159,3570
1487,1630
3502,4287
251,268
312,336
5911,7083
5504,7026
1930,2171
995,1078
2039,2251
622,669
177,195
763,842
6116,7436
1911,2124
1363,1492
2121,2574
7728,9290
1289,1449
365,389
317,337
1345,1477
521,584
12791,17203
7201,8727
1153,1256
1098,1206
559,620
1224,1344
888,978
2671,3102
3077,3465
1511,1645
1227,1347
1075,1175
1287,1409
488,536
4540,5315
527,576
8995,11319
202,211
335,360
1425,1579
22503,34297
1312,1495
196,205
8191,10034
882,941
5786,6829
1038,1136
4549,5302
437,470
5651,6653
1472,1622
1194,1282
9137,11367
19907,28957
4548,5309
3047,3458
648,702
3874,4457
422,444
7271,8927
2878,3247
344,364
2538,2827
6186,7651
876,950
874,952
809,898
3183,3571
16647,23132
420,449
3137,3586
1365,1514
8621,12160
7152,8515
1381,1491
5974,7297
1891,2131
1836,2094
469,500
2302,2688
1221,1408
2874,3465
11446,15028
2013,2249
512,549
1220,1349
5585,6531
716,763
3891,4738
597,640
771,847
254,272
1366,1503
2098,2331
2080,2285
3400,4065
981,1116
1556,1704
3729,4453
9537,11932
388,413
658,715
2659,2981
272,291
1226,1351
306,328
477,512
1962,2176
829,894
2351,2593
495,524
7665,9449
5465,6439
1354,1560
1315,1468
2552,2872
1149,1277
2201,2462
420,466
2015,2218
3136,3812
588,623
3972,4613
252,275
966,1100
6134,7446
1402,1547
237,255
1617,1880
1334,1452
1676,1839
2286,2742
7906,9806
610,674
4592,5306
1565,1798
876,958
3288,3776
2144,2400
20857,31365
563,607
570,622
817,888
257,272
6190,7506
690,740
1876,2084
2205,2478
6006,7132
922,1021
240,253
1271,1411
4124,4757
791,848
3676,4186
964,1043
4036,4700
1910,2150
306,329
8625,10751
3773,4240
586,650
1344,1466
2476,2747
463,511
2335,2579
474,506
5439,6449
408,438
960,1062
4329,5024
693,755
660,708
308,332
1938,2130
3358,3849
1275,1434
4517,5202
3938,4498
298,320
102,108
916,985
1419,1587
5188,6042
3866,4443
4306,5032
7719,9525
6767,8184
6516,7697
644,702
2558,2842
1114,1230
321,335
1762,1919
4816,5635
1569,1729
215,227
1311,1493
1505,1637
572,630
3166,3589
4032,4661
6763,8056
18157,26176
5647,6770
569,623
688,738
1275,1387
4365,5016
5790,6857
6738,8152
1525,1669
4767,5609
3273,3873
861,952
406,436
3238,3700
2368,2606
1741,1932
5249,6158
763,829
2298,2587
3523,4004
959,1058
1375,1518
384,407
20997,33294
4087,4731
1929,2252
1986,2188
593,655
23709,38267
4837,5749
3697,4228
11534,15013
5192,6162
5680,6691
649,691
1187,1331
601,655
560,602
2508,2843
3205,3649
1698,1934
2044,2404
4519,5555
7792,10014
5565,6633
9897,12353
337,354
819,900
8376,11635
682,725
12788,16588
12281,16116
6153,7327
5198,6390
1235,1376
2690,3048
9351,11982
2527,2844
7653,9555
592,640
5010,5824
2667,3056
1498,1677
1275,1370
2559,2888
2655,3035
4547,5742
5558,6582
1584,1767
1214,1367
403,437
4118,4681
1092,1184
3311,3751
408,436
2671,3000
16717,23858
2649,2980
379,403
2360,2621
835,956
1615,1778
3429,3923
870,934
817,890
417,435
3780,4353
226,241
5094,6139
4509,5249
5290,6152
353,367
4333,4980
1645,1816
1319,1455
754,855
2081,2308
6376,7732
19529,29033
2654,2967
519,554
2254,2495
472,516
7137,8476
2880,3290
239,259
976,1124
358,382
460,495
1260,1348
7107,8648
1562,1787
1912,2092
8704,10794
15063,21052
518,545
2089,2313
2839,3155
341,367
2155,2374
2179,2423
3835,4570
3617,4110
5343,6162
3883,4509
758,842
440,477
715,774
1606,1765
7520,9223
647,703
6191,7515
15412,21141
2461,2753
726,767
9436,12062
3969,4563
2135,2488
1182,1288
3047,3500
9012,11510
1000,1087
4014,4692
1312,1465
2408,2691
2218,2491
664,722
5909,7372
767,822
780,836
1223,1359
1696,1940
1985,2212
855,955
3906,4727
9172,11395
735,780
7737,9380
174,178
1477,1623
986,1058
6137,7186
7285,9042
716,770
13646,18338
2335,2600
326,344
1741,1953
875,925
275,298
2795,3150
384,414
1345,1498
1898,2084
244,259
1320,1453
10157,12739
1277,1451
4628,5420
976,1061
2351,2609
8775,11083
12889,17844
3779,4355
1945,2180
680,726
2834,3193
911,982
1420,1604
257,278
3052,3527
462,494
2162,2386
403,430
9199,11936
1600,1744
8662,10954
5763,6808
565,600
5066,6041
387,413
3637,4135
954,1075
5367,6399
3655,4184
4059,4697
293,304
5819,7005
2062,2272
864,956
3467,4098
4573,5267
11207,14334
670,726
325,348
518,559
607,682
4002,4832
3260,3755
6403,7660
178,195
9030,11204
997,1125
1556,1756
4096,4668
5490,6469
9390,12061
1897,2067
2129,2459
874,946
2897,3278
861,963
722,790
1752,1923
1217,1337
2857,3222
283,308
3355,3836
816,897
1713,1912
3028,3402
291,309
684,745
10455,13599
7577,9173
15827,21462
1111,1212
7726,9669
612,672
5070,6010
2476,2777
15656,22833
12869,17554
1564,1757
1317,1483
14006,19546
874,967
4307,5018
16139,22948
2316,2668
5401,6336
826,889
1247,1382
4913,5712
1893,2147
2740,3110
1343,1472
737,805
221,235
1432,1592
7595,9147
3320,3766
617,678
498,532
782,844
1391,1547
1753,1940
651,706
1314,1444
849,931
339,359
601,660
11766,15333
3003,3380
872,949
2270,2674
2265,2539
2494,2800
1487,1689
3105,3484
1138,1263
1153,1265
713,798
1715,1886
518,546
4149,4710
246,257
344,365
3712,4274
1302,1428
1189,1276
4387,5122
3166,3583
2443,2770
5546,6739
1163,1292
3564,4079
2932,3318
919,1007
12394,16326
732,804
4044,4631
22587,34249
3948,4519
765,816
275,293
7033,9152
684,733
933,1048
9931,12716
4400,5106
2310,2711
1315,1433
444,477
806,863
1002,1087
2255,2542
3952,4510
6235,7483
412,445
990,1080
219,232
4740,5501
2064,2369
467,495
502,520
7043,8567
536,583
1391,1517
7694,9230
5147,6538
2389,2673
814,885
36153,72314
4547,5356
2666,3066
1225,1305
495,532
1597,1748
341,358
1491,1645
4765,5684
10849,14051
7508,9120
3597,4611
711,791
2040,2390
29093,51205
1394,1523
2115,2345
1367,1520
12773,18018
1148,1242
777,851
695,775
2427,2775
4270,4947
17796,25154
679,734
1421,1598
5828,6927
420,445
1838,2026
338,358
2486,2872
324,355
2224,2495
2583,2880
4528,5272
1024,1104
2018,2219
838,914
3430,4204
2129,2477
587,642
8124,10230
567,601
8833,10844
7390,8906
1432,1577
7395,9064
1350,1476
604,655
977,1073
2152,2383
10179,13044
6808,8071
8146,9976
400,441
836,924
407,446
16755,23529
2445,2719
1997,2348
6519,7929
756,806
13696,18241
6052,7324
435,478
1796,2050
2057,2274
2643,2989
3588,4104
17255,24454
954,1041
2079,2316
3569,4084
7142,8712
3015,3448
3458,3926
1185,1294
254,268
2325,2636
628,682
1635,1802
727,798
2898,3210
1529,1685
4832,5691
1502,1702
8555,10779
160,170
1356,1492
2375,2771
249,260
1205,1306
658,711
2621,2905
6292,7629
295,312
617,672
3399,3879
953,1038
8314,10194
179,186
2738,3074
15468,22111
1059,1202
266,285
1284,1398
2132,2387
1355,1493
3168,3554
2666,3207
6857,8336
524,584
5678,6594
916,1000
246,261
734,799
16337,23934
368,401
1297,1435
610,644
2802,3339
942,1024
606,670
968,1073
2205,2465
298,314
14828,20528
503,550
172,182
5583,6481
10595,13607
2636,2987
1657,1794
1371,1527
2976,3399
5055,5943
10894,14321
4147,4701
10096,12728
835,904
18183,26148
3525,4080
1323,1527
441,479
495,547
5588,6599
6062,7381
1848,2025
1004,1105
3040,3413
2187,2457
1698,1868
1234,1403
2426,2690
1007,1100
6505,7794
291,312
2904,3276
2193,2418
2557,2972
1558,1760
4916,5660
1174,1264
7682,9485
2689,3027
430,467
2439,2747
12631,17443
508,549
2417,2747
3796,4337
4665,5509
1486,1701
2079,2301
1459,1618
1212,1328
408,451
3788,4465
299,320
175,183
469,506
1614,1783
439,477
867,932
1444,1609
942,1034
3871,4755
314,331
217,233
7038,8510
4932,5881
1764,1965
803,864
2657,3025
1634,1781
3581,4101
2058,2397
343,361
635,686
1125,1217
2290,2582
654,706
1806,2019
3365,3871
294,313
3355,3810
5685,6814
4917,5733
10499,13467
6581,8125
1171,1347
1395,1544
3204,3609
7404,9933
15376,21013
1068,1152
2551,2893
418,440
468,505
508,549
722,804
10507,13494
2751,3062
1263,1376
420,448
788,886
283,303
2123,2368
4781,5532
425,461
6086,7416
3468,3981
4147,4781
2628,2943
387,409
6980,8733
1785,2031
5498,6419
4116,4687
502,547
13412,17897
239,251
10973,13898
1551,1696
274,298
6570,7941
812,903
683,738
2048,2312
19629,29997
715,768
5365,6395
398,420
862,943
363,382
258,279
1583,1727
3903,4554
3508,4017
490,519
981,1075
345,370
413,448
1213,1324
10765,14276
3231,3597
425,457
4866,5601
733,785
2291,2578
3469,3936
443,476
1834,2075
2850,3252
696,766
2095,2348
668,721
555,586
1678,1885
16716,23154
8132,9842
567,613
5084,6037
818,887
1207,1325
3446,3964
563,591
377,409
467,499
3705,4230
870,935
663,735
666,728
10133,13241
3148,3563
369,392
1392,1520
1625,1801
3855,4560
461,492
729,785
2415,2710
5380,6549
1057,1156
2207,2444
1907,2116
6915,8467
357,380
1694,1905
4030,4662
477,502
8151,10111
1318,1447
1095,1191
862,923
2575,2888
1098,1250
3911,4461
312,340
3095,3782
806,859
2265,2518
502,550
283,299
636,686
1567,1720
232,239
1023,1103
1073,1161
1083,1182
2913,3272
8391,10543
1235,1401
4778,5720
3963,4545
298,318
3934,4867
4103,5044
412,443
1291,1384
1924,2136
1796,2004
294,318
3500,3948
2506,2809
2198,2423
3143,3809
3731,4275
2794,3116
653,695
484,519
506,557
3853,4745
2188,2467
3179,3586
3620,4156
398,428
324,338
191,210
2564,2845
578,634
10490,14430
458,505
1281,1426
3670,4380
1371,1521
1108,1203
3235,3687
1365,1489
1366,1528
1720,1906
319,338
6133,7461
4156,4792
1861,2045
396,428
6093,7255
622,677
642,700
5311,6298
1489,1703
8377,10520
305,322
1575,1790
492,522
2934,3303
846,906
10236,13550
8296,10008
6001,7089
974,1045
3301,3727
1124,1241
1168,1292
411,453
841,909
7278,9026
771,868
3675,4192
1072,1182
7710,9424
1127,1264
497,536
711,771
5996,7059
1037,1165
1812,2070
2810,3184
245,260
2391,2622
4471,5320
585,632
4030,4741
2989,3395
5502,6556
440,469
355,379
3055,3732
18274,26623
1803,1989
11343,15307
4688,5419
3028,3426
3571,4129
6277,8884
471,520
563,613
1261,1393
9611,11985
1001,1114
845,913
6119,7378
1372,1555
2876,3294
3448,3943
1164,1288
8039,10013
2075,2320
381,411
1737,1924
4428,5112
633,668
6641,7993
380,405
1611,1767
837,940
26766,47188
1310,1403
748,837
909,990
437,466
874,952
3401,3864
8208,10315
1847,2066
2555,2881
675,734
660,701
1099,1199
10456,13323
3486,4022
2782,3320
289,308
2697,3031
268,291
16417,22640
3001,3614
600,673
4940,5875
6793,8180
309,332
991,1102
3462,3951
2969,3350
2687,3011
319,349
1150,1299
5312,6377
863,974
2195,2493
1813,2004
1739,1904
1183,1331
768,819
279,293
8532,10550
2074,2289
2167,2424
4462,5172
4466,5208
418,461
320,346
1496,1636
4662,5544
9469,11910
1204,1376
2064,2286
7718,9696
782,847
1758,1958
1012,1098
2875,3199
1003,1087
481,509
4193,4857
13407,18241
4795,5551
390,410
300,325
7639,9516
1370,1485
2441,2922
3738,4290
428,460
2145,2466
2041,2271
4330,5042
9361,11831
5457,6421
18875,28976
412,451
969,1108
2325,2596
545,583
427,456
752,813
577,631
331,358
3203,3645
322,345
3431,3897
203,214
3446,4001
850,927
1243,1398
1551,1704
1561,1702
2076,2281
1174,1303
6918,8330
16302,22360
633,685
1472,1631
796,873
2038,2239
22256,33765
7317,9033
2073,2428
319,330
3251,3648
2651,2991
2473,2959
3480,3984
1000,1097
1069,1167
420,457
1390,1543
311,329
2945,3377
184,195
13502,18100
887,970
1837,2107
523,556
7387,9125
2067,2328
2798,3151
3612,4167
1616,1831
9210,11721
347,374
1852,2035
264,285
847,930
8263,10373
1033,1154
16709,23374
1454,1606
1492,1647
491,520
680,742
419,446
2611,2929
586,639
2905,3244
288,307
479,515
7006,8384
4547,5656
1939,2168
434,461
962,1030
858,941
626,673
1938,2189
3910,4512
302,315
1315,1486
2239,2602
10438,13641
6537,7927
24393,40474
6737,8976
3806,4324
423,460
527,569
237,254
3523,3969
531,577
17554,25586
1331,1458
16592,22407
8264,10076
14450,20311
1273,1382
276,292
2466,2757
589,660
1095,1199
5192,6138
591,648
413,437
541,584
478,503
820,890
370,400
597,642
935,1028
3253,3715
3926,4518
5406,6383
2427,2683
1325,1471
1791,1996
1628,1813
10183,12807
5498,6529
2108,2355
2343,2601
502,535
6938,8389
309,343
5528,6655
1149,1272
1818,2003
2114,2377
371,405
468,504
598,672
510,557
414,454
517,562
938,1034
10871,14151
7528,9330
5485,6548
280,301
900,1005
6291,7454
782,856
352,377
3166,3848
2484,2795
250,270
2523,2844
202,219
22219,33723
4507,5349
4936,5860
1418,1545
2626,2986
903,970
429,457
5935,7101
2737,3132
6503,8014
6347,7539
12367,16262
4002,4646
1109,1185
5434,7310
441,465
573,638
2639,2952
1431,1585
13911,18950
3208,3654
3284,3698
565,633
3024,3389
1901,2079
1064,1145
14181,20232
14258,19255
1673,1951
2465,2746
1208,1313
1137,1256
3229,3721
4888,5732
353,389
1073,1204
292,308
1100,1211
469,488
421,453
1259,1369
6395,7646
384,414
276,297
796,858
249,268
7199,8669
4628,5415
678,750
9065,11238
172,187
416,440
766,827
4777,5511
10740,13580
408,443
947,1065
5490,6988
3828,4620
1544,1677
3589,4114
1749,1923
2299,2657
1214,1358
1579,1733
5597,6660
4898,5738
5187,6021
8767,12221
613,671
7087,8715
4609,5397
940,1017
1307,1440
6777,8171
4591,5359
3193,3785
1570,1726
1573,1821
173,184
1968,2179
5595,6574
6569,8157
2428,2836
8576,10947
2513,2841
1472,1619
12739,17543
1749,1950
242,251
3665,4189
7039,8682
1783,1961
273,286
513,554
302,324
9687,12529
4616,5413
3256,3863
1922,2117
274,300
722,786
1796,2007
2531,2989
8586,10776
18149,26235
939,1041
10936,13880
2852,3165
2163,2389
2485,2804
1707,1882
434,473
367,409
2215,2464
2495,2782
1153,1264
3814,4397
1619,1922
3032,3404
463,490
521,583
1927,2175
433,460
400,436
1228,1395
320,348
517,569
13102,18063
11926,15548
716,782
1275,1421
983,1101
794,882
6517,7955
2420,2712
775,831
5283,6288
577,626
9149,11685
1399,1617
2959,3351
4376,5022
2204,2432
8194,10176
1863,2034
955,1055
983,1099
8573,10886
570,616
1008,1113
368,405
4854,5665
222,235
3134,3587
154,163
2284,2540
2040,2307
239,253
5011,5873
4536,5257
9101,11493
810,896
2626,2967
7332,10001
402,444
1281,1402
789,862
3589,4152
3877,4577
322,354
856,939
410,441
12007,16507
3046,3493
1942,2166
2173,2415
6856,8423
1947,2243
5167,6034
2960,3553
11582,15300
994,1105
3214,3617
643,692
390,408
698,763
435,478
239,256
1414,1548
16786,23398
1174,1275
1171,1282
637,690
3504,4010
742,831
5581,7326
554,599
849,943
430,466
6034,7218
5440,6440
1935,2148
940,1027
707,780
5241,6252
284,310
3254,3668
15453,21081
1174,1278
3460,4007
225,239
2838,3170
1972,2201
8605,10744
2219,2469
4344,5119
445,469
2410,2720
1849,2015
339,365
947,1028
1227,1332
1013,1090
1015,1118
1406,1585
363,376
2343,2663
2362,2653
4970,5977
2447,2828
7642,9554
1677,1843
728,796
451,481
2228,2459
708,763
6014,7092
2454,2829
1538,1705
935,994
1496,1651
782,847
645,705
610,648
4352,4994
2460,2772
612,656
537,579
671,732
2575,2859
528,577
527,553
1001,1091
2638,2956
243,255
5419,6940
457,492
2511,2794
618,680
1822,2083
5471,6714
3190,3896
1765,1928
1091,1214
1021,1123
650,688
228,247
1914,2201
1591,1757
7541,9509
1722,1990
378,402
2169,2409
8298,10110
288,306
11685,15271
2535,3067
716,781
1081,1160
3531,4110
1976,2214
2690,3098
643,696
5530,6696
3711,4261
1550,1720
407,434
3945,4874
875,960
204,223
4592,5291
11598,15234
7621,9395
573,618
1220,1305
1127,1246
1154,1308
8612,10915
9139,11258
2728,3081
596,630
10507,13895
2020,2236
6267,7414
1037,1185
1456,1567
931,1010
370,397
723,793
305,321
464,502
4918,5826
777,860
3881,4400
779,856
1125,1227
902,989
620,666
8218,10035
1891,2094
915,1014
6095,7305
363,393
3810,4406
521,563
379,411
709,766
2069,2311
247,261
1319,1429
3109,3521
234,250
8680,11028
403,441
2178,2621
1790,1998
1168,1278
2746,3205
4930,5740
1157,1270
958,1036
317,342
3687,4318
1627,1810
493,542
1617,1752
473,511
1052,1203
1164,1255
1637,1824
859,922
13118,17152
258,277
3010,3658
2699,3034
461,496
5312,6268
1547,1768
343,358
544,585
1052,1130
444,472
4308,4942
1198,1310
424,441
3627,4184
413,428
1235,1338
6537,7780
9211,11492
6524,7861
1062,1182
4166,4849
1190,1342
1769,1958
364,404
7283,9773
1398,1539
269,282
6785,8098
264,280
5035,5888
3524,4030
860,923
432,466
1906,2122
1588,1758
4303,4920
5329,6321
150,161
17402,25794
1581,1758
2196,2462
4541,5229
5187,6072
1321,1474
357,386
889,1003
5830,6819
1110,1233
840,921
1481,1620
2432,2699
2841,3180
4652,5360
1109,1219
816,876
9872,12452
393,425
532,563
674,713
1412,1556
627,680
314,332
8190,9973
2060,2331
3201,3618
6392,7510
2028,2241
17842,26346
845,950
859,937
698,749
1712,2003
20093,31067
415,450
755,831
9120,11656
756,819
2104,2326
1161,1294
2142,2502
5294,6309
809,866
830,926
367,395
508,541
13455,17602
1573,1739
1061,1202
1736,1874
21352,32114
16321,22864
780,854
8877,11272
20702,32674
804,887
8983,11263
14438,20672
285,303
2678,3122
970,1049
110,114
7112,8436
342,369
3371,4159
635,683
1326,1456
504,542
1808,2000
464,485
2469,2739
4728,5521
1905,2136
875,975
470,500
7834,9851
8668,11144
280,298
4190,4820
890,989
282,311
20215,31415
13173,17578
449,485
1522,1710
763,828
7828,9760
8814,11265
2416,2712
1811,2022
300,323
3482,4018
3079,3491
2719,3065
4278,4927
1452,1640
672,721
4432,5199
1125,1221
1082,1163
474,508
286,305
378,406
7527,9161
6830,8566
2321,2691
1939,2142
5900,7214
5931,7027
6218,7543
2438,2694
2632,2942
2008,2258
1244,1354
4584,5341
3247,3673
325,357
5647,7124
688,746
1594,1764
10372,13003
9027,11352
5850,6912
3221,3608
767,827
407,427
323,345
2773,3115
3474,4014
266,281
1142,1232
2079,2331
2860,3215
843,935
428,467
334,352
1235,1382
2113,2352
1032,1113
1494,1649
3076,3519
2004,2260
714,776
420,448
300,316
4517,5245
1405,1604
524,573
3389,3855
1739,1894
675,731
684,738
290,308
5645,6734
2124,2398
1841,2196
7007,8516
841,911
1798,1987
799,885
1706,1891
8585,10679
658,693
1087,1176
2314,2680
913,995
3648,4185
1130,1275
597,654
1987,2198
763,805
2473,2753
12456,16677
10891,13971
3392,3868
392,417
687,738
2556,2845
1904,2100
15625,22496
8994,11346
1299,1420
209,224
812,905
268,279
2134,2353
305,321
406,438
11668,15226
1052,1151
12104,16413
3279,3755
2165,2404
1617,1804
754,815
1751,1924
8086,10039
619,657
1467,1617
3682,4110
1800,1961
1035,1179
3355,3813
5674,6718
254,275
534,586
308,333
909,980
621,678
2562,2867
1723,2006
11337,14863
7234,8736
331,348
271,299
1261,1397
5525,6532
7730,9421
306,325
9693,12120
681,752
6554,7847
12412,16345
4526,5355
2285,2640
5231,6099
813,907
2525,2875
898,973
5381,6277
7831,9752
1806,1998
3749,4257
709,772
5252,6118
5532,6630
4048,4654
1301,1480
298,317
5119,6060
5505,6418
7267,8621
2242,2463
2481,2782
12632,16232
384,429
9084,11519
1363,1519
3876,4524
4406,5101
8190,10216
8575,10580
2612,2965
4696,5509
8317,10393
497,528
7613,9922
5917,7030
6504,7778
5878,6980
342,367
3224,3695
521,560
3466,3982
6420,7924
8665,10730
1191,1312
5579,6865
907,980
788,867
288,304
2199,2418
12586,16275
3689,4234
15300,21067
236,255
213,225
549,613
2075,2295
1173,1327
1027,1107
701,784
9561,12197
900,981
15782,22591
2420,2701
189,205
182,187
3779,4326
4962,5768
3868,4479
713,770
1401,1535
310,338
1814,2035
208,219
5373,6361
6708,8198
500,541
3514,4015
5119,5928
9013,11399
2310,2574
417,449
1386,1513
2569,2855
3752,4300
2279,2625
2386,2671
175,192
1161,1318
498,536
2347,2607
7590,9148
1555,1685
320,344
605,650
12830,16791
660,698
616,659
1703,1878
4158,4975
13067,17317
2897,3277
1824,2044
516,572
7629,9222
1075,1183
10073,12739
1256,1380
4336,5042
4085,4681
980,1041
1870,2079
1082,1157
4611,5416
5342,6428
2709,3045
1031,1118
465,498
16140,23955
852,927
3628,4131
503,543
1304,1417
1875,2070
621,659
2655,3006
1236,1386
11879,15602
639,677
5669,6640
646,723
1435,1585
1102,1206
1037,1146
615,677
649,708
3294,3659
2390,2658
455,489
365,386
1838,2154
1095,1229
2924,3290
3113,3493
10468,13628
1206,1369
1655,1895
2223,2474
1050,1167
4288,4923
3227,3594
1935,2124
230,244
1200,1330
10414,13165
2177,2435
11486,14815
434,465
1428,1577
270,285
1058,1216
4277,4928
13671,18021
674,755
4326,5002
255,267
1431,1592
3171,3843
12216,15770
1115,1250
382,422
444,487
1415,1601
2090,2356
2392,2702
1283,1387
1645,1819
860,927
3701,4529
202,220
680,736
285,308
241,254
625,676
783,821
19067,28549
416,447
2234,2496
1405,1535
6790,8156
285,317
7117,8646
1255,1386
463,497
2538,2847
7351,9034
1406,1616
4090,4649
534,587
16421,23084
972,1057
1433,1571
768,854
2188,2411
1640,1807
325,342
17786,25074
10186,13071
2683,3019
5187,6087
851,908
525,554
191,205
6087,7209
3838,4362
1694,1888
1321,1429
3729,4484
1082,1184
2691,3057
727,781
4854,5684
16219,22679
6634,8026
578,630
1253,1372
776,869
3300,3826
10032,12683
291,318
238,255
6545,7881
1403,1525
586,640
4678,5851
266,274
990,1067
1273,1365
18001,25753
688,752
12307,16523
7561,9194
17227,24095
10139,13348
334,353
6386,7634
565,602
1775,2092
6956,8322
1062,1157
10373,13277
2198,2506
427,463
6282,7439
3116,3574
998,1093
672,766
4548,5273
837,894
3039,3420
482,527
1533,1654
2457,2744
936,1025
18217,26644
266,284
328,362
702,748
1785,2016
406,447
601,666
2828,3268
4055,4666
428,456
1275,1368
2714,3212
465,505
6765,8089
2263,2483
1210,1311
3314,3777
959,1067
4924,5882
10332,13385
3348,3874
247,265
3468,3927
713,772
461,499
271,290
2182,2454
6718,8386
2404,2686
250,267
8165,10136
1348,1472
699,754
1516,1664
749,794
393,433
1078,1194
915,1053
7057,8788
1563,1718
285,296
279,298
2837,3201
559,605
1299,1463
2353,2664
1485,1619
965,1057
14034,19390
1319,1436
6509,7891
7092,8670
711,758
538,591
5036,5925
307,318
929,1028
6392,7803
2095,2328
1541,1712
1339,1539
894,962
7184,8749
4470,5171
8515,10428
392,430
1517,1673
3741,4248
2054,2281
5099,5900
1794,2008
3843,4711
11905,15302
372,400
4497,5168
243,261
361,391
2542,2841
1975,2186
1724,1885
2385,2631
3015,3406
1419,1560
641,696
6733,8030
239,250
886,973
302,330
2407,2749
2877,3252
11639,15161
10771,13987
572,615
2348,2627
495,529
332,365
673,727
8988,11131
6827,8209
431,488
1676,1848
4896,5685
976,1063
3733,4284
6869,8329
690,758
1814,2010
1610,1772
507,568
577,657
380,411
10652,14069
10672,13373
732,806
2973,3383
8137,10083
5863,7020
718,764
1321,1451
2271,2533
1492,1639
268,281
6876,8177
7164,8653
436,479
3145,3541
831,887
3012,3429
1309,1449
2440,2758
709,779
14732,20224
2431,2741
242,253
3669,4217
708,769
987,1116
315,343
4838,5688
728,793
8214,10221
3645,4182
1827,2088
427,473
2522,2878
777,868
1965,2192
468,496
900,988
1373,1535
1337,1521
2817,3167
368,401
5493,6517
1771,2187
19133,28966
2928,3296
457,489
242,260
3600,4029
1123,1225
832,939
1926,2095
389,415
186,196
297,320
738,801
415,449
1753,1945
1425,1552
8083,10086
2242,2531
305,326
4931,5715
817,874
347,376
1004,1078
11825,15401
1590,1746
5330,6306
2413,2700
2119,2360
217,229
9795,12726
2263,2519
452,474
1570,1722
7608,9431
2932,3360
2804,3144
1426,1599
339,357
2062,2288
734,823
1604,1771
1111,1210
575,616
7555,9351
10422,13378
3462,3927
7222,8882
9435,11951
2052,2288
546,600
2699,3181
2058,2256
716,778
13293,17908
717,793
173,183
2392,2664
3460,3954
1187,1313
1802,2069
683,739
1505,1649
2807,3217
1110,1204
13970,23412
10530,13401
1741,1913
494,516
3308,3811
755,843
5423,6396
1839,2084
1346,1474
835,894
12342,16376
787,853
406,431
1685,1929
14248,19765
759,815
6039,7132
586,637
2890,3280
1896,2225
246,257
4687,5605
1849,2034
3587,4071
15008,19970
208,214
453,480
2971,3611
2073,2313
3494,3956
727,824
1062,1191
3044,3471
3473,3950
3040,3482
2678,3043
1524,1666
831,885
383,411
1720,1887
7677,9541
1378,1517
2729,3112
5579,6614
5649,6724
411,435
10176,12935
5123,6053
526,560
891,969
363,390
4931,5727
1134,1247
7099,9271
251,269
584,642
348,377
400,426
15626,22162
1906,2105
1218,1325
958,1031
375,403
16519,23504
1860,2132
6807,8169
2504,2753
256,270
10152,12756
1517,1656
672,747
463,517
8387,10399
2227,2485
659,715
1946,2250
196,214
766,833
7849,9659
2635,2949
6567,7857
426,466
2082,2428
9614,12020
1176,1279
424,447
3485,3942
4012,4637
911,1012
336,357
1065,1163
2363,2665
2624,2917
2013,2224
969,1081
2845,3235
660,711
2732,3254
460,484
833,896
293,322
1564,1815
846,913
4651,5364
6635,8134
362,377
2398,2643
790,866
1384,1537
2613,3064
657,711
637,704
171,185
5217,6108
6296,7575
16940,25606
3796,4297
17158,23823
840,930
1865,2070
878,981
1250,1431
4119,4762
4261,5395
369,393
2185,2403
336,364
1918,2196
384,416
4340,4983
1819,2027
5836,6968
2454,2724
2600,2910
2217,2426
2861,3427
12166,16938
1028,1111
5059,5996
959,1068
3561,4516
7832,9676
4963,5802
2998,3534
971,1089
1834,2034
6693,8172
300,327
935,1020
2013,2233
4629,5475
5036,6004
2645,3026
947,1038
9584,12218
3697,4238
2316,2580
1360,1500
7684,9351
955,1038
411,432
8457,10507
1726,1938
8295,10338
10543,13240
9014,11490
1643,1796
2413,2706
3286,3752
9290,11541
1567,1747
976,1082
5779,6874
12068,15572
313,336
13109,17943
665,729
532,555
3209,3671
1591,1751
798,888
342,367
2128,2473
2420,3079
14319,19608
762,828
15000,21287
620,681
2397,2789
3502,3960
611,669
210,222
290,306
380,403
1710,1881
3364,3781
3356,3832
388,420
227,243
3282,3769
462,507
1071,1144
3793,4267
2710,3066
10963,14328
2542,2977
328,351
15028,20398
2089,2305
1489,1645
665,722
1023,1113
199,215
1601,1746
1180,1277
1375,1507
6369,7865
3901,4470
3769,4624
3000,3384
1786,2001
8705,10885
1433,1552
2858,3205
2279,2522
1320,1452
452,499
1942,2201
770,851
4429,5101
1274,1374
1559,1745
572,636
1573,1757
1091,1204
4847,5675
2951,3458
572,612
7912,9692
4726,5514
1478,1617
5575,6778
1532,1678
2492,2813
3083,3576
410,435
382,409
3486,3985
498,526
588,621
1887,2077
2895,3446
517,553
15133,22224
610,657
6871,8154
5412,6264
573,619
3141,3788
1739,1969
798,856
1023,1119
188,204
209,225
1496,1669
284,303
1453,1584
1567,1708
4125,4758
3282,3770
1261,1373
2579,2892
706,785
2187,2426
6940,8325
352,370
6777,8468
3157,3565
2599,2907
810,886
339,363
6789,8167
392,412
5087,5886
1774,1956
555,603
439,464
755,812
1668,1865
1764,1947
1428,1564
1047,1128
660,712
2180,2433
566,608
4350,4998
2659,2996
2094,2411
2448,2754
1133,1226
957,1072
4483,5263
1740,1912
1582,1736
2514,2833
1071,1173
12561,16895
208,228
2008,2210
4695,5412
1711,1878
760,818
1502,1658
18867,27082
879,958
231,251
2257,2491
1625,1857
576,613
5980,7424
18716,26775
1206,1329
1663,1956
1361,1507
1372,1503
1169,1276
630,670
565,623
5167,6068
800,859
2060,2273
2922,3262
271,281
687,739
17140,24603
5714,6692
392,422
1270,1370
1930,2177
592,630
417,461
662,725
2945,3331
396,419
357,382
712,764
9066,11298
1742,1955
5124,6091
9709,12280
1069,1145
8851,10877
3331,3967
2098,2333
5615,6696
313,345
295,311
674,725
2676,2999
675,734
3666,4167
9661,12433
1562,1762
33892,63099
6249,7395
802,889
11637,15059
5276,6225
1528,1719
2986,3569
353,367
683,736
2737,3105
1792,1968
429,450
299,321
3804,4370
1328,1441
620,650
3059,3500
2926,3345
3297,3983
5111,6119
1876,2070
7622,9085
1817,1994
810,886
8380,10388
18895,26596
2781,3177
14634,20136
3450,4128
1318,1439
1654,1853
1664,1818
1215,1344
1984,2213
287,301
10130,13968
1552,1775
617,669
14476,20055
739,816
2803,3377
1484,1665
499,546
222,237
7861,9527
1226,1330
14216,18740
2523,2832
815,870
1694,1859
6683,8063
1525,1678
1359,1496
7725,9689
857,940
812,895
5921,7013
6348,7728
3971,4611
11037,14760
2284,2546
1013,1098
1382,1521
355,381
3218,3612
2666,3112
512,545
425,464
3138,3546
539,590
8894,11092
188,200
945,1036
613,676
10332,13174
523,566
4287,4993
603,657
946,1030
1551,1772
875,944
5742,6917
1013,1108
13505,17920
4687,5585
4210,4819
8181,10096
3031,3429
2823,3201
2321,2574
1886,2139
2756,3089
1528,1676
294,310
5749,6915
1936,2171
5971,6997
2415,2714
592,666
1455,1588
618,671
2771,3172
1177,1281
4191,5207
355,385
18087,26658
3110,3580
3128,3542
2267,2659
720,792
955,1042
517,545
539,583
1078,1201
1444,1572
6733,8172
7847,9833
924,1002
175,185
988,1084
1631,1802
4165,4850
1913,2117
436,466
7907,9665
5323,6296
2747,3049
1118,1219
3959,4557
8433,10255
4732,5536
321,341
2284,2581
531,571
376,401
9897,12429
4384,5157
608,642
232,257
496,526
3573,4116
323,349
619,651
4812,5609
11496,14810
250,262
1194,1284
454,479
310,335
1527,1680
1122,1226
381,405
3948,4531
1706,1865
991,1065
1647,1820
2134,2409
296,324
6335,7550
703,771
390,420
7761,9443
5955,7177
1611,1798
360,391
1680,1948
6152,7375
645,691
1186,1325
1459,1594
779,839
7687,9372
727,777
1285,1406
541,575
1045,1127
1263,1365
1080,1211
524,571
14897,20369
24608,38947
4680,5997
1516,1644
3885,4470
861,922
1004,1119
3509,4040
5838,7021
1171,1281
4513,5155
1349,1506
506,543
13260,18356
5595,6718
1493,1638
6073,7209
6693,9000
644,701
5171,6096
3479,3933
1108,1251
1693,1983
595,640
2469,2785
11893,16303
1403,1526
545,600
1132,1222
565,608
2131,2481
1580,1704
729,801
1825,2020
423,458
1615,1774
3991,4627
2314,2605
3017,3425
2819,3363
1077,1163
7187,8770
9230,12058
3580,4116
1713,2009
674,719
1196,1330
16274,22612
1218,1308
1006,1125
1029,1133
1293,1394
8869,11025
746,844
749,828
1058,1169
1471,1608
6936,8584
4975,5870
769,838
1036,1148
244,263
689,745
264,276
5898,7332
1013,1105
263,275
829,920
222,233
1745,1963
475,518
5395,6352
2057,2279
1088,1200
2951,3340
8192,10294
1187,1371
1059,1173
611,673
7872,9643
274,295
5794,6974
2847,3215
1885,2148
556,600
1096,1183
499,548
3636,4223
25925,43713
1599,1836
6405,8005
287,315
5256,6278
1470,1607
3016,3414
224,236
873,947
2495,2777
4447,5202
8821,11106
318,331
1609,1798
123,128
8019,9929
1644,1840
4758,5558
640,683
437,466
6900,8313
3973,4592
968,1066
4085,4696
320,340
863,945
890,965
693,739
9008,11640
539,575
302,322
4222,4836
3704,4237
415,469
1717,1893
195,211
3000,3456
987,1074
2282,2636
2769,3132
4510,5256
6376,8431
7200,8766
4722,5628
1932,2266
403,443
2281,2529
5253,6134
419,463
37147,74718
13092,17329
4808,5564
462,502
4355,5081
16390,24292
4384,5058
251,263
2019,2322
7335,9914
2102,2349
1481,1645
1944,2175
2694,3020
6123,7544
561,621
2413,2710
2384,2668
1793,1999
1274,1368
4280,5007
1292,1481
2230,2490
417,443
1790,2000
8021,9820
5157,6013
4005,4611
511,542
1257,1382
12200,15919
1715,1884
5084,5987
5740,6832
525,572
2167,2409
291,318
526,559
4552,5332
3928,4554
341,361
8378,10645
8400,10261
206,221
699,734
199,213
15795,23028
2860,3247
526,586
479,508
8780,10983
338,352
1103,1267
3994,4681
1482,1616
279,297
2328,2730
5060,5884
5569,6584
1581,1805
15843,22657
200,211
836,940
1481,1647
886,990
2759,3033
5295,6383
643,680
178,184
258,274
627,677
1410,1659
13984,19188
2357,2627
11191,14459
9772,12472
2442,2761
1026,1142
361,387
532,574
3247,3649
3269,3734
1495,1648
1059,1137
10516,14860
1048,1159
2527,2875
589,639
548,581
1425,1571
5465,6436
2130,2378
2558,2862
1031,1153
1690,1855
7885,9946
4761,5562
5018,5817
4195,4864
22584,34490
6509,7812
2618,2932
1726,1969
694,768
1461,1605
2384,2711
479,515
1308,1434
265,274
513,553
169,178
2173,2483
1851,2172
2814,3138
7489,9449
1816,2014
1082,1174
1401,1602
4596,5342
3976,4649
1209,1330
420,442
3901,4891
9436,11975
1127,1265
2885,3238
6050,7236
1167,1343
13881,22132
749,818
376,400
220,233
1035,1137
4683,5930
853,932
648,696
181,188
444,479
3945,4500
1239,1370
1680,1938
1411,1602
3816,4373
1194,1326
745,798
5270,6643
2442,2736
7350,8878
2806,3147
4628,5402
3400,3774
359,379
7771,9543
608,672
2202,2505
803,871
278,301
613,658
1050,1130
1301,1425
5315,6312
391,417
843,905
4439,5216
1099,1200
3064,3436
331,353
444,479
4784,5836
1710,1862
1522,1709
830,911
285,304
759,825
3784,4519
932,1024
2698,3033
1882,2078
749,803
732,796
1123,1220
1237,1352
1205,1301
341,360
3472,3985
5674,6801
871,986
3714,4547
3171,3562
13147,17444
1130,1296
216,229
3579,4094
1560,1805
927,1052
278,291
3779,4378
966,1070
12858,16965
885,956
8143,10143
1258,1378
4600,5360
265,284
409,441
358,380
708,750
2853,3240
275,301
3921,4657
5147,6008
7242,9011
2597,2908
3893,4684
1962,2162
2075,2312
2801,3269
1955,2159
1084,1196
5866,7701
3458,3954
761,841
6680,7996
882,959
312,333
1200,1334
6435,8217
1098,1211
1173,1280
617,664
6338,7698
1329,1459
563,607
2799,3285
2441,2761
1925,2150
2541,2826
1644,1804
14960,21332
1005,1130
2432,2840
5995,7241
2650,2941
5710,7253
10454,13528
1117,1204
390,420
6100,7449
1508,1667
2734,3044
12535,16497
1534,1667
4262,4937
17134,24968
7507,8962
970,1076
2108,2360
8437,10688
1239,1359
23887,40547
3789,4304
586,633
21369,32362
4775,5612
1357,1548
814,894
13524,18493
438,470
614,679
4315,5141
4596,5306
276,295
1578,1740
1046,1146
1481,1623
550,597
11497,14961
9624,12441
1197,1341
7142,8770
1670,1845
9868,13650
176,187
1755,1942
2031,2251
1434,1569
1941,2147
6673,8081
756,856
536,571
1583,1752
1459,1619
1054,1220
12199,16190
2196,2456
8866,11317
1125,1233
607,655
710,767
2151,2390
5797,6906
725,803
17756,25619
1499,1638
655,700
7667,9580
340,376
4069,4612
1476,1628
1849,2070
18262,25551
3956,4496
6103,7413
342,372
2884,3208
1155,1292
582,621
11606,14906
539,574
15104,20891
205,224
2648,2997
1519,1742
1117,1251
278,295
2020,2309
4338,4968
4708,5528
394,423
2763,3112
1269,1434
4190,4883
9144,11313
1696,1964
4390,5129
828,913
3756,4300
960,1036
17114,23735
9391,11846
289,308
19793,29493
1853,2213
6191,7307
1109,1216
1629,1778
27622,48483
7467,9127
791,854
2445,2732
1764,2055
450,489
406,430
616,685
4383,5126
3990,4603
4726,5521
349,377
407,428
354,379
292,317
507,551
1248,1355
528,584
346,375
2057,2269
4845,5676
6325,8516
2668,3018
1180,1274
600,662
1973,2193
7082,8627
2113,2366
1374,1563
3852,4339
1101,1229
2786,3154
1498,1629
6832,8246
10898,14345
2373,2721
2053,2297
559,603
3207,3610
446,484
1377,1547
246,261
417,455
5645,6577
3211,3635
13384,18295
2498,2793
2643,3089
1623,1776
2290,2506
171,184
2590,2887
816,870
2774,3141
703,752
543,579
2171,2397
1076,1198
2819,3183
18512,26805
8868,11099
2075,2327
12999,17383
969,1093
1430,1582
13955,19538
856,932
3425,3922
2715,3034
7603,9267
1873,2086
1166,1286
5687,7201
1669,1831
771,851
329,353
2829,3320
308,319
966,1048
462,491
4843,5967
948,1064
4121,4812
1043,1178
1284,1486
1734,1939
777,836
353,384
15945,22587
444,479
659,718
701,764
962,1044
2124,2370
1799,2085
6711,8205
397,432
406,432
4457,5175
2149,2378
2368,2644
599,669
326,348
1917,2150
5011,5790
5976,7097
9263,11558
3486,3958
451,476
454,496
452,500
796,876
451,489
1409,1532
3864,4548
2597,2908
3875,5131
4398,5054
259,279
256,278
456,493
731,839
882,954
1882,2211
4064,4693
4738,5448
6518,7796
1064,1182
1499,1648
972,1065
1458,1667
502,534
225,241
246,262
11273,14762
649,724
2465,2726
1242,1434
6474,7731
4334,5074
303,329
10087,12734
7013,8454
9038,12433
21214,32189
2495,2772
3932,4608
2657,2961
1061,1140
2537,2891
1217,1334
9272,12027
1983,2340
1321,1433
2646,2984
389,420
344,374
1525,1659
3312,3823
430,457
3025,3445
4718,5553
204,219
187,199
1216,1303
10036,12809
1801,1956
10271,12956
3298,3775
1466,1619
491,533
939,1027
196,211
1428,1559
264,282
13316,17912
525,550
782,854
814,900
6370,7615
2267,2519
2236,2576
600,659
7779,9691
1256,1350
16840,23808
634,681
474,519
1528,1674
4133,4729
2289,2555
729,770
3406,3905
134,144
7958,10119
921,996
315,333
1853,2093
2287,2572
749,821
602,648
3807,4422
1542,1686
389,414
1520,1691
982,1062
957,1034
186,205
383,411
505,557
536,583
973,1121
2112,2382
1218,1320
2481,2827
1800,2098
1485,1640
835,893
6300,7559
1581,1737
1559,1708
4857,5741
4472,5192
337,364
3874,4471
2022,2248
8750,10887
2914,3372
4627,5506
1874,2133
260,269
3934,4550
390,418
687,773
1352,1528
7772,9533
448,489
543,591
919,1045
354,378
1260,1385
2761,3370
2682,2988
11871,16288
2527,2816
2882,3233
833,910
2000,2241
1911,2205
3743,4262
1612,1768
377,405
1131,1265
680,747
3086,3696
14457,19928
13687,18602
3941,4582
5095,5982
449,475
5371,6284
170,180
8168,9934
8044,10010
1836,2053
2127,2338
747,807
3718,4348
1094,1222
1921,2114
390,424
6511,7765
875,982
714,759
3088,3445
5433,6426
12803,17286
5418,6305
5438,6506
2248,2643
2206,2458
10811,13998
191,202
10603,13556
4750,5973
8848,11193
481,509
9915,12780
5199,6157
1591,1755
806,869
11835,15161
1886,2085
6415,7617
920,985
3123,3626
13046,17811
1302,1453
1057,1144
1057,1178
664,728
507,546
513,564
1540,1707
3579,4098
5429,6426
1014,1118
8093,10045
436,458
6259,7412
411,436
4292,4987
20180,30769
525,569
613,661
415,454
7730,9699
1132,1248
248,270
4775,5736
870,940
358,375
960,1034
6691,8072
3182,3635
1180,1306
582,624
1351,1516
377,408
4010,4852
603,659
584,643
333,358
6519,7984
375,400
1131,1289
1686,1861
325,342
147,159
2496,2774
3613,4098
1790,1983
2127,2365
1893,2065
2377,2640
10156,13181
4368,5129
1593,1758
329,354
2254,2663
651,722
371,395
1162,1275
5581,6570
510,542
2299,2768
404,429
2825,3322
565,603
1346,1540
1302,1404
9771,12333
300,326
629,700
782,850
10596,13899
490,544
4825,5621
1095,1197
733,812
4530,5209
345,368
2435,2746
2871,3429
5412,6473
955,1059
367,416
501,530
2922,3273
1070,1184
196,216
3023,3391
11310,14858
933,1017
620,674
5130,6015
5087,6009
1296,1414
501,541
1181,1295
859,962
1684,1886
2765,3061
1204,1304
3185,3622
2108,2300
6096,7198
4344,4965
5934,7087
19551,28396
2657,2979
8249,10171
899,980
9635,12047
629,665
854,959
921,1019
1369,1503
470,503
1164,1284
4949,5933
783,835
1593,1738
899,969
558,605
1992,2231
3160,3554
4847,5869
2703,3056
1318,1497
8121,9868
1939,2130
7737,9458
7337,8882
3462,3945
476,520
830,904
2658,2969
1908,2123
1243,1402
1230,1387
2979,3530
904,994
2958,3340
1310,1435
1562,1778
6043,7248
322,348
3319,3768
1392,1532
2581,2868
2644,3033
713,771
964,1055
843,915
5048,5994
316,345
423,458
292,313
377,414
1057,1154
5447,6405
2370,2632
10038,12917
419,466
368,388
626,709
641,693
1653,1815
2848,3237
13340,17748
361,385
799,885
1100,1215
3481,3985
640,698
13781,18695
5029,5833
328,349
2490,2795
342,367
1475,1622
472,508
580,626
7176,8871
1072,1168
9841,12573
1547,1708
17067,23847
1179,1294
453,493
2195,2477
952,1094
2129,2451
542,591
2589,2898
3591,4329
5961,7862
1704,1870
4653,5437
115,123
421,454
1044,1131
708,784
666,734
439,471
6743,8457
867,934
5114,5905
1038,1144
712,766
1907,2129
852,951
2220,2468
2393,2651
1406,1539
1122,1203
453,486
653,711
10349,13320
1578,1725
3985,4573
11797,15468
652,705
1057,1158
8302,10248
11706,15772
236,247
2210,2462
1289,1423
1087,1215
3967,4671
762,824
3937,4577
16534,23442
3821,4467
10632,13916
208,218
1235,1336
1590,1738
2591,2925
1708,1876
1542,1705
409,431
1012,1133
4296,4948
768,834
2011,2198
1884,2071
2252,2470
750,798
4540,5301
1268,1367
13971,19876
857,967
1857,2133
6501,7872
954,1083
4129,4676
240,259
6374,7741
760,825
8899,10983
1133,1226
1174,1293
348,365
152,162
1207,1308
6519,7920
1960,2172
1302,1446
9217,11574
9566,12133
3007,3377
13559,18681
1149,1238
5264,6195
997,1079
1142,1272
3732,4310
4937,6161
5258,6424
3760,4295
1090,1185
2871,3269
2506,2813
3643,4441
16479,24180
1873,2051
2193,2425
5851,7152
590,632
985,1058
8053,10847
644,693
816,878
324,345
6588,7954
12881,16885
1643,1844
7042,8378
5170,6029
4084,4731
2918,3262
4664,5447
6087,7363
4166,4806
13512,18380
2634,2982
337,356
856,935
864,957
325,341
2079,2322
4122,4696
1350,1474
3945,4520
2370,2646
4613,5586
516,563
569,630
539,574
1833,2162
882,962
6250,8308
1454,1583
1998,2212
4606,5311
2794,3153
2594,2865
982,1081
13800,18390
2170,2420
6871,8300
2136,2395
11126,14486
4673,5473
1323,1494
1184,1295
1649,1822
11180,14771
2484,2782
497,546
486,517
1037,1118
1550,1743
251,273
1955,2167
1668,1840
1430,1566
688,748
1099,1191
1941,2149
574,613
2470,2709
519,560
3360,3802
1624,1886
2788,3154
2315,2582
252,271
5981,7443
3859,4455
1205,1352
309,327
2353,2644
8900,11107
5191,6146
3122,3596
293,311
1287,1399
567,628
1199,1313
341,366
963,1048
704,777
999,1095
3968,4573
353,375
705,771
1218,1326
8584,10795
542,578
2214,2462
1403,1516
10891,13801
11770,15550
4382,5044
5607,6584
6786,8332
1292,1468
492,542
8583,10501
12624,17442
6118,7207
1234,1356
13970,18986
888,971
5300,6180
425,451
1893,2159
1521,1654
228,244
341,366
1109,1211
1000,1146
2593,3116
8098,10006
2109,2398
702,773
3873,4445
545,578
691,779
1904,2084
2756,3134
1612,1774
2482,2749
3188,3840
759,824
757,833
892,960
219,229
649,708
4679,5430
1899,2093
872,949
779,833
6447,7823
797,856
1130,1272
592,630
384,414
1239,1344
808,883
1583,1733
1095,1181
351,376
439,479
314,339
17926,25392
2133,2506
691,774
1066,1152
517,561
5392,6895
933,1052
2223,2474
3217,3632
443,494
1095,1201
4276,4918
608,650
1554,1694
7512,9063
10772,13894
11326,14686
341,369
17129,25424
4167,4778
1370,1506
1127,1275
619,665
3593,4085
5907,7050
967,1053
1951,2237
750,804
2368,2623
135,145
1395,1548
3443,3879
277,300
1169,1272
1018,1111
2123,2335
11389,14542
258,270
3486,4028
3242,3644
8487,10362
4875,5709
2052,2265
503,538
1331,1461
6157,7225
8066,9860
4437,5247
4794,5613
7005,8479
1613,1848
817,896
6271,7290
8513,10666
8005,9724
461,504
1009,1141
1091,1228
4784,5493
549,608
4461,5282
250,272
577,636
11221,15090
1163,1299
15669,22659
3798,4326
511,542
4264,4854
6842,8245
2421,2697
2157,2383
418,445
21310,34315
2558,2880
4139,4772
3866,4457
939,1018
4544,5284
8420,10501
850,945
6417,7597
1741,1910
299,319
3107,3498
444,470
217,228
311,323
8469,10416
1106,1215
2923,3273
22140,36415
1382,1499
4021,4616
1221,1399
9920,12478
664,731
455,493
4784,5552
2127,2386
1139,1237
1855,2044
392,424
6516,7901
438,471
599,643
1835,2080
446,470
261,278
1242,1366
1348,1495
2545,2835
3187,3611
1909,2115
1672,1851
3064,3463
6448,7651
583,651
8478,10687
4651,5436
17080,23812
1375,1497
763,823
4248,4882
2479,2821
713,784
590,639
719,792
948,1032
7408,8929
5344,6414
404,420
1351,1485
2493,2792
7900,9929
6655,7890
3707,4283
12222,16338
477,511
2193,2621
1306,1418
1694,1862
9329,11766
297,315
400,427
2648,3140
1553,1758
4549,5224
367,402
808,865
3457,3925
1901,2106
3642,4224
613,647
1231,1357
10310,13039
8988,11056
22267,35903
746,835
6997,8601
1216,1338
8344,10430
5495,6467
997,1074
476,528
707,770
8115,10019
186,196
2315,2561
254,269
1922,2242
1120,1251
6728,8240
2836,3259
136,147
711,760
958,1038
295,312
499,536
1719,1908
11855,15593
608,665
798,867
756,814
5629,6859
4196,4888
3599,4112
1455,1613
1088,1187
1113,1239
365,398
2503,2916
1375,1490
9017,11667
2882,3281
1760,1916
1651,1813
1877,2070
1447,1595
5437,6404
4189,4845
1480,1630
462,511
1235,1362
3137,3552
895,966
1321,1445
5789,6947
691,740
851,929
2923,3317
5753,6820
3751,4289
562,607
528,568
5622,6714
704,766
26648,45851
5225,6056
1687,1852
2957,3443
2648,2958
2614,2930
4011,4619
1355,1485
365,399
7771,9761
6870,8216
962,1061
814,888
2006,2284
238,255
2198,2630
1048,1159
608,657
514,547
2241,2505
3492,4022
745,810
1064,1171
3927,4503
403,424
6259,7491
1010,1107
4044,4733
257,278
1925,2126
5573,6642
300,321
1363,1520
560,617
283,312
749,800
526,559
390,419
2710,3013
9105,11245
5375,6336
294,315
168,179
4736,5600
994,1160
2613,2908
3921,5242
2520,2865
540,563
2269,2503
9501,12032
1969,2169
269,286
3619,4053
401,426
13455,17913
309,330
1453,1618
1265,1438
19690,29068
16167,22719
4513,5188
2763,3072
852,926
494,532
277,293
31193,56516
19675,39626
1613,1766
342,383
9136,11186
263,272
734,798
3517,3945
2365,2604
17068,24139
2298,2583
12105,16128
4338,5032
3061,3473
1746,1935
1091,1197
2493,2800
7571,9494
8864,10888
933,1007
3772,4389
3881,4437
13582,18118
174,178
2339,2628
1435,1578
374,402
5939,6985
558,587
240,253
3822,4449
5170,6093
728,781
1586,1738
1497,1682
1317,1423
2423,2667
487,526
300,315
1288,1426
201,213
904,965
1457,1679
1895,2083
5754,6787
225,239
2071,2289
1546,1735
5105,6013
205,213
966,1030
755,820
483,517
642,684
6584,8144
2713,3054
689,744
497,539
1557,1715
1647,1830
7471,9281
4432,5115
3123,3546
367,394
2220,2605
2520,2801
265,280
465,502
294,309
243,263
7081,8780
1347,1464
4827,5594
335,355
2369,2681
1518,1768
254,269
1405,1538
5828,6897
6356,7590
842,907
764,855
796,897
8361,10754
319,337
623,689
9713,12088
348,377
3291,3740
5313,6198
2419,2716
1666,1882
6217,7640
7266,8815
991,1084
13556,18627
311,338
2047,2362
12634,16500
920,999
565,613
449,481
7083,8599
803,860
825,907
1224,1325
322,344
249,260
9232,11330
1227,1348
11400,15139
926,1038
477,519
3308,3784
3074,3494
10191,13384
5811,6917
2477,2771
370,389
545,594
1262,1372
1817,2021
3748,4312
759,833
587,655
1405,1534
679,726
860,939
4624,5448
832,915
4566,5316
937,1025
418,440
2071,2308
2707,3048
987,1063
1206,1318
675,719
423,452
1880,2061
4477,5183
1638,1811
3536,4147
509,547
2222,2467
1661,1808
2866,3234
520,558
2712,2992
228,245
251,263
646,701
469,501
19680,30299
464,508
3229,3677
673,748
884,980
287,308
15945,21956
3386,3859
1160,1299
2955,3325
4153,4794
1731,1919
443,481
1801,2028
10267,13111
2873,3228
2773,3222
1046,1143
7980,9818
5708,6707
2086,2313
397,425
169,178
1457,1620
2207,2454
5235,6139
233,248
4243,5014
1621,1789
235,249
1662,1848
306,325
491,526
671,720
15385,21602
623,687
296,315
3147,3555
1541,1668
13851,18751
788,855
1021,1095
2680,3006
1169,1286
9113,11274
38721,81263
1789,1992
428,460
429,453
2488,2777
271,294
689,746
1560,1811
1047,1179
1783,1968
2126,2359
5618,6641
651,693
2486,2791
11391,15235
1151,1265
4798,5622
923,1045
5519,6591
7436,9689
10385,13335
319,337
2340,2620
1248,1371
567,605
1780,1959
1619,1813
816,896
8298,10112
372,390
483,527
11006,14205
1154,1265
3020,3632
6322,7572
1907,2141
786,848
4798,5542
9697,12319
2243,2529
10423,13409
2667,3008
1556,1689
307,332
1224,1333
5099,5997
405,425
3575,4092
1891,2135
1601,1828
2351,2593
437,468
331,354
6424,7860
1489,1668
671,732
1124,1247
898,962
5347,6449
27859,49786
486,525
1367,1495
2717,3036
399,441
3501,4510
10197,13314
355,387
3355,3855
11022,14006
6313,7488
6175,7340
3739,4300
3437,3839
439,472
2245,2529
1012,1098
3219,3708
483,522
356,377
6142,7379
12719,17225
877,947
395,416
3422,3986
1503,1646
2043,2235
1588,1734
639,700
931,1015
642,696
770,857
447,479
1935,2134
2746,3222
2048,2358
2309,2600
14509,19782
2610,2978
2890,3252
3238,3668
520,565
4635,5444
282,300
248,261
2260,2529
3822,4601
19807,29939
15484,21269
22795,37950
1170,1316
877,968
2621,3071
2691,3038
869,944
3681,4258
12552,17103
455,479
489,527
7235,8893
5655,6728
871,971
3886,4418
728,780
4541,5304
6630,7863
6503,7816
1411,1533
2305,2541
8586,10670
1846,2023
586,623
7456,9174
4146,4714
815,893
373,398
1018,1110
510,548
3433,3949
1398,1550
9212,11527
1064,1196
3006,3454
800,874
1209,1332
569,639
11866,15245
14227,19690
1335,1447
846,936
478,505
3164,3580
4995,6140
1825,2092
816,897
1361,1499
21807,33976
792,853
5069,5848
1127,1248
237,249
1623,1813
695,767
626,701
128,133
819,886
4845,5833
3948,4568
3614,4109
4506,5138
2657,3001
3523,4017
4599,5374
1300,1418
366,396
3565,4160
448,469
2294,2577
553,593
1985,2227
1371,1477
3357,3802
1813,1988
2104,2437
6037,7111
284,303
5770,6792
1574,1748
621,667
791,856
4365,5041
2622,2987
3960,4537
4556,5331
6578,7880
5271,6256
993,1099
14370,19683
203,217
3794,4317
2652,3027
229,241
395,416
2978,3423
6127,7394
2435,2725
3415,3856
758,816
1637,1882
615,669
355,377
1786,1979
239,250
1573,1732
2560,2892
2807,3233
306,322
744,792
5443,6577
895,1022
395,433
2179,2381
1229,1321
1581,1717
2270,2548
277,292
369,391
1104,1231
1862,2065
1205,1328
354,380
9221,12057
7073,8657
18182,26435
3405,3884
5218,6183
20544,32411
467,497
306,331
2283,2489
794,868
1031,1129
5756,6819
337,362
402,430
1344,1550
193,209
1486,1630
568,611
290,303
2537,2846
27857,47175
2641,3117
379,409
2135,2389
9932,12715
3591,4121
3417,3901
14673,19971
439,473
597,645
1919,2269
575,641
2255,2580
602,639
4518,5191
1426,1564
1531,1685
734,802
1816,2116
3518,4007
2743,3063
588,650
1184,1299
1155,1255
185,206
1675,1835
2771,3098
4313,4962
412,441
18506,27364
2379,2674
4384,5100
3033,3392
3086,3470
859,922
819,900
11386,15239
11731,15233
723,792
197,207
1159,1262
732,798
275,294
1910,2137
12039,15897
2741,3044
4973,5766
1631,1802
219,236
4614,5359
632,692
9737,12162
633,680
1258,1380
1571,1723
338,370
6860,8411
2102,2466
840,903
9197,11427
3545,4005
1382,1516
712,767
5208,6129
4497,5257
277,300
749,823
386,415
3696,4246
6160,8034
994,1067
3018,3505
504,553
17579,24788
3633,4126
390,423
1110,1243
2321,2720
6483,7741
449,477
19016,28659
8977,11058
3084,3476
4000,4787
1586,1744
6248,7409
2758,3134
42081,92679
613,675
20339,31111
8886,11002
1370,1500
39326,80583
2473,2818
504,536
15868,21583
6283,7527
876,945
802,870
5247,6240
246,260
3252,3653
1385,1532
8386,10194
1400,1531
16234,22397
2153,2373
179,191
3011,3423
516,562
12174,17086
280,304
478,508
624,693
278,307
270,283
2018,2376
1366,1494
457,490
743,804
693,748
352,381
3937,4525
773,864
2808,3109
1099,1232
755,854
1609,1806
3712,4237
1699,1922
1557,1703
2902,3235
2041,2271
11981,16352
2969,3339
2426,2754
493,529
1096,1200
613,681
16139,23126
1137,1256
4863,5687
1568,1753
5011,5812
505,548
574,612
10680,14055
332,358
727,817
776,834
5374,6282
1542,1685
903,983
3105,3516
3461,3943
561,619
263,286
1188,1305
1367,1506
4202,4872
620,689
1294,1419
1532,1724
2866,3210
1406,1617
397,435
432,469
916,994
650,696
7897,9895
979,1081
12253,15783
2322,2599
681,750
7969,10174
1050,1187
1062,1147
978,1054
1936,2138
176,194
2706,2980
4792,5522
2012,2363
805,856
504,542
341,363
984,1087
456,499
972,1057
14420,25582
4303,4912
1666,1846
4302,4956
1914,2116
932,988
12732,17335
680,730
1677,1855
7091,8764
721,774
862,925
2428,2701
788,876
12002,15524
313,325
388,418
4834,5590
3738,4255
1623,1770
1040,1175
1200,1319
338,366
1292,1417
2251,2548
20835,31404
2281,2589
1533,1707
2304,2569
886,961
6869,8378
3533,4049
7459,9290
344,369
1362,1494
1030,1110
2699,3006
1214,1327
1366,1505
3277,3955
18748,28319
483,512
875,947
858,936
7033,8540
3348,3859
640,709
1416,1585
7787,9484
1171,1326
449,483
1331,1449
2411,2702
255,268
9486,11765
14751,19652
11525,15381
2680,3016
360,383
525,559
2936,3323
6032,7079
2249,2521
470,503
234,252
1631,1847
537,572
1202,1335
1702,1869
775,850
261,277
2189,2419
334,360
719,780
459,505
1538,1701
2463,2760
9018,11190
852,952
2833,3177
1905,2112
4925,5826
1237,1340
6218,7492
596,640
164,174
942,1032
266,290
397,423
6320,7660
235,254
513,550
8224,10473
1315,1469
10024,13130
1590,1750
174,185
4812,6013
1239,1354
2831,3199
3386,3852
3210,3639
8508,10447
5057,5890
294,313
6069,7376
2304,2728
1047,1168
1328,1466
1011,1091
13120,17298
454,502
5227,6117
299,318
783,865
6417,7954
1542,1673
15424,20898
10949,14170
2855,3185
4062,4656
5357,6266
4928,5720
1395,1512
426,452
835,920
568,608
11048,14338
813,922
5728,6664
474,506
1513,1700
1367,1558
8328,10400
5268,7210
5073,5947
3124,3506
2793,3163
2406,2660
4430,5180
269,283
4207,4815
332,366
953,1054
3224,3641
1744,1925
305,325
459,485
2708,3065
1054,1161
1888,2089
1559,1742
11748,15531
7490,10325
673,739
2829,3167
954,1092
2109,2320
18444,28111
466,492
3837,4705
5537,6632
8432,10375
2575,2880
3422,3873
1572,1731
1673,1911
18246,27554
4181,4842
1390,1507
6493,7852
2195,2531
8177,9918
682,726
2292,2538
8934,11203
641,694
2354,2641
270,289
883,975
6056,7270
3451,3937
11281,14381
824,897
1031,1145
6633,9503
1714,1904
2450,2758
11924,15227
3139,3589
1549,1711
195,213
212,223
1972,2259
2159,2379
14558,19837
6130,7386
2958,3324
955,1056
1361,1486
4962,5855
3363,3815
1419,1557
6412,7761
1388,1500
4290,4872
177,187
8567,10444
709,779
270,289
7479,9106
2689,3124
1806,1981
2208,2451
5817,7051
3614,4109
441,461
602,661
180,194
3533,4098
358,375
1545,1690
617,666
1075,1188
462,493
1448,1594
4298,4871
11270,15147
3184,3583
402,422
767,830
1295,1421
15502,22077
2729,3111
982,1073
452,490
9463,11855
4132,4736
285,300
1337,1478
1087,1202
4134,4899
925,1015
795,857
3670,4193
3123,3722
7581,9218
5516,6760
12526,17200
444,469
993,1074
9904,12499
7354,9063
2388,2749
8487,10589
1674,1830
1966,2226
3552,4069
238,255
1725,1901
1072,1170
6883,8339
3240,4188
1231,1327
473,502
2783,3101
1499,1634
2759,3060
740,813
1396,1529
757,804
910,987
1654,1873
2494,2946
1428,1541
880,955
1151,1256
1286,1480
11152,14610
1120,1237
600,646
4041,4655
1458,1603
407,442
4512,5181
576,639
672,722
637,701
2187,2558
3559,4189
291,311
420,456
319,343
11695,15137
2482,2908
688,730
3018,3354
314,334
2744,3210
15229,20825
2566,2897
2099,2339
464,495
22346,34424
14159,19501
202,223
230,241
12965,17955
2328,2639
1290,1455
195,208
1515,1660
3555,4059
401,429
560,620
3718,4255
12395,16797
2349,2827
1803,2120
804,867
10365,14453
870,961
3612,4165
1119,1245
5368,6249
399,436
262,280
4782,5646
7468,9172
229,244
4420,5307
3895,4388
11276,14261
666,738
6802,8348
523,567
3602,4140
1836,2035
20104,29764
1037,1130
1599,1762
932,1014
656,723
3153,3754
570,608
3794,4395
2652,2973
961,1075
954,1075
746,836
5439,6362
594,658
2168,2428
1328,1433
1969,2163
194,205
1837,2049
1988,2255
3198,3642
904,1020
322,340
582,626
4761,5503
4130,4776
2206,2418
1039,1143
1693,1873
1238,1352
608,660
2160,2400
8806,11186
183,189
4087,4681
11740,15490
2837,3220
1421,1585
7154,8809
5944,7609
1062,1152
1209,1316
8512,10729
4840,5690
1472,1656
5567,6603
883,948
574,600
4223,4878
1018,1123
251,267
3013,3405
1913,2097
8251,10369
2596,2908
2049,2267
2010,2317
1261,1401
3562,4110
10692,13360
2941,3293
443,464
14681,20398
429,459
4466,5138
526,568
922,993
5061,5950
1109,1214
8682,10857
2022,2376
10629,13649
1091,1177
869,1004
541,599
1955,2175
4774,6011
1081,1188
580,624
1708,1872
578,637
11905,15434
3263,3712
13494,18655
322,348
264,285
887,948
630,709
258,280
372,395
342,358
555,585
3854,4472
1159,1263
959,1055
1283,1416
2380,2671
16341,23199
1309,1434
1034,1144
2978,3329
1268,1382
778,834
431,461
841,922
898,984
2016,2350
1350,1479
372,401
464,519
1306,1418
1426,1565
352,371
240,256
1071,1157
1143,1230
1460,1609
1029,1143
2496,2821
8410,10748
318,344
2878,3476
6538,7799
23738,44075
4460,5235
1652,1829
5923,6965
959,1060
846,907
291,308
11683,16290
2325,2568
4995,5874
12919,17599
4270,4900
1095,1197
6113,7449
296,310
950,1066
502,534
3563,4020
760,844
936,1028
482,514
4663,5547
1576,1764
552,608
329,348
307,322
4776,5567
3528,3999
299,329
3389,3847
1072,1174
2230,2493
8741,11094
1303,1407
3139,3574
5455,6456
1651,1894
3221,3659
2598,2877
4182,4952
964,1076
6453,7784
2338,2645
208,228
4006,4569
2526,2785
1209,1301
2898,3276
460,500
485,525
817,885
4643,5554
1313,1463
1308,1503
864,930
18333,26799
2320,2586
328,346
1538,1695
1047,1139
3910,4408
279,296
730,792
373,402
6669,7951
557,618
1977,2219
478,510
544,611
7740,9432
894,985
3836,4433
5493,6638
696,764
315,339
7837,9509
658,724
1123,1233
786,853
5466,6314
3257,3733
679,739
1068,1214
2629,2936
2901,3307
4853,5641
7109,8695
1255,1409
509,546
922,1000
596,655
233,250
221,231
6954,8517
862,940
784,857
1417,1583
1168,1264
13873,20348
1672,1835
9343,12056
399,424
793,877
973,1043
390,426
720,789
2893,3219
16018,22276
619,667
1391,1515
7296,8827
721,774
13241,18107
1876,2142
925,1020
1683,1856
602,649
4818,5723
19209,28361
1098,1250
358,373
1229,1353
7608,9117
2714,3010
1626,1861
740,806
683,745
354,392
2107,2465
9358,11953
1070,1200
2303,2695
13075,17216
2043,2296
2361,2640
5027,5959
4344,5060
16081,23602
2341,2804
275,290
8589,10449
1381,1565
4102,4805
413,447
658,715
499,530
14461,20211
363,392
1986,2181
983,1065
1925,2159
2625,2987
976,1059
6488,7764
8532,10812
1613,1802
460,493
2161,2402
889,956
2421,2827
7673,9486
11941,16068
297,323
7361,9221
416,449
1135,1273
7160,8605
1443,1599
5578,6544
6917,8299
14478,19574
3418,3855
583,625
2017,2234
1230,1352
1124,1341
5036,5923
675,734
493,535
1757,1945
16412,23853
1042,1101
4175,4878
2347,2664
5990,7174
12144,16541
4560,5350
582,633
6126,7440
6467,7871
3146,3536
4115,4719
365,389
620,703
457,487
6958,8515
1918,2136
537,580
1724,1910
17196,23638
2997,3361
7273,8922
981,1065
548,595
261,283
987,1102
271,284
770,833
197,215
947,1041
19759,28212
313,335
1046,1141
14536,19670
2543,2844
7882,9885
9990,12730
1232,1339
1119,1233
6839,8180
1842,2019
6681,7997
587,640
1405,1549
396,430
824,893
371,401
258,277
388,417
7234,9052
3507,4018
396,423
4436,5258
3300,3757
3847,4430
931,1018
1171,1274
4872,5593
252,270
288,310
23422,36251
1897,2089
3469,4090
1107,1249
774,871
2407,2678
7022,8492
390,412
6306,7547
1269,1386
18989,30258
2069,2427
14426,20374
1117,1208
411,459
317,335
3965,4558
7202,8881
921,1003
6489,8071
177,193
751,841
3031,3440
13538,18238
652,692
2287,2532
2002,2251
15390,22128
1914,2149
854,920
2251,2514
910,983
357,392
522,573
3191,3563
1109,1198
3112,3527
490,519
482,524
495,524
1130,1282
4575,5260
725,787
932,1050
4933,5656
1426,1605
366,399
3489,3982
303,317
311,332
3667,4137
2211,2451
12708,17123
11952,15497
5735,6798
376,404
13317,17901
12523,17360
1897,2109
5030,6000
1335,1478
10989,14029
1688,1847
1223,1311
2998,3401
1841,2066
763,835
1003,1127
1645,1889
271,297
14562,24432
3175,3597
7536,9716
1946,2138
561,598
1506,1671
4040,4543
6233,7278
1635,1822
1441,1564
3782,4425
6424,7692
2726,3168
1123,1252
288,308
3857,4457
3769,4258
3945,4563
795,860
4313,4996
681,756
351,379
2192,2464
5166,6045
3456,3936
8239,10168
6887,8149
5193,6066
956,1041
351,371
774,837
2339,2613
1771,1969
2350,2623
4200,4903
3505,4123
9741,12254
486,518
2515,2778
1383,1587
2415,2868
1534,1663
1360,1483
4780,5644
1108,1242
6049,7262
1001,1101
614,668
2967,3358
2832,3167
537,577
556,602
1018,1114
11290,14313
6896,8377
4376,5065
2086,2315
1946,2227
3666,4160
402,432
610,665
2409,2688
251,277
828,898
673,717
704,774
205,217
1456,1599
2652,2949
7737,9730
5738,6853
1003,1114
979,1080
315,332
6220,7566
2959,3605
5615,6498
456,502
1845,2042
2638,2967
117,122
12451,21116
1872,2064
1591,1752
1699,1883
4076,4740
1287,1474
387,413
6619,7951
1189,1326
5227,6128
1157,1280
1731,1938
2197,2451
7014,8538
986,1089
1202,1317
1898,2095
279,299
2289,2557
11073,14404
783,844
1418,1563
889,951
10862,15785
735,782
2670,3074
4706,5406
1191,1307
26222,43135
1153,1260
406,438
430,461
27131,46440
1005,1089
1232,1351
624,685
2380,2670
3762,4291
1307,1405
295,315
8033,9886
612,661
1269,1416
9999,12845
11526,15370
962,1072
580,632
555,612
250,270
2076,2312
1415,1524
4589,5306
649,702
2167,2487
1210,1320
3312,3763
1880,2092
1216,1299
7503,9194
3016,3602
8173,10102
342,363
8707,10848
649,702
4900,5748
1763,1930
245,265
7547,9127
3501,3990
1144,1279
7013,8601
1738,1901
167,179
7108,8556
802,878
7730,9463
178,191
4112,4874
5981,7477
1017,1124
1463,1604
8438,10369
200,216
271,284
1057,1170
1079,1216
893,956
728,790
2476,2821
481,522
422,451
9857,12723
839,932
11588,15227
2535,2929
256,267
11784,15493
2190,2472
2553,2961
4744,5493
9460,11868
180,190
1028,1106
1506,1713
2931,3394
1981,2200
1150,1231
521,575
1491,1646
1341,1531
13619,19326
301,315
410,455
705,764
1161,1263
2145,2357
3448,3851
708,783
1841,2054
23128,34738
2025,2262
3229,3786
1246,1407
2087,2327
678,723
803,873
5612,7585
1161,1295
7196,8780
675,733
2538,2867
570,616
1823,1998
5209,6100
15198,24099
3567,4101
380,404
571,633
3056,3406
899,1014
377,402
1175,1341
255,270
3326,3768
877,964
761,841
2828,3211
2844,3209
3016,3651
1503,1678
199,218
2148,2477
513,547
734,822
1502,1658
827,904
2798,3145
1484,1645
300,326
3859,4413
391,409
1618,1877
5648,6704
379,408
2934,3288
15971,22985
11814,15224
5842,6955
1033,1144
793,861
423,466
6740,8077
8975,11583
1369,1505
3951,4894
198,209
23144,37176
2277,2520
1019,1110
3986,4936
1575,1810
1536,1665
643,690
3482,4021
2088,2433
4948,5791
3049,3497
3858,4502
992,1079
3058,3755
346,378
568,611
792,888
1073,1177
784,866
2554,2853
2047,2253
7703,9202
262,276
4717,5463
1867,2073
4042,4625
1833,2080
396,421
865,958
104,109
474,503
2239,2543
1296,1446
1515,1664
9891,12731
3708,4533
580,636
2071,2326
376,402
151,158
1209,1330
871,953
621,686
1708,2003
866,990
2289,2524
1579,1745
1269,1414
401,424
1044,1119
6191,7397
801,858
1010,1092
24256,40307
568,605
2954,3328
1612,1796
12858,16809
2346,2655
1412,1555
5576,6619
5147,6084
1013,1088
3048,3456
1405,1650
2090,2314
1486,1633
409,431
842,928
497,536
1340,1493
674,717
10005,12690
1376,1587
1104,1198
2827,3193
1046,1177
2032,2263
2000,2282
2740,3100
6655,7879
32037,58798
3594,4105
2610,2921
2406,2727
4730,5487
1021,1102
351,376
220,231
1396,1575
847,929
17985,26600
1142,1275
277,291
568,627
430,461
201,215
4095,4796
1844,2061
925,1050
288,302
660,733
424,453
6678,8097
294,313
1131,1245
1491,1648
200,210
3570,4125
11150,14471
1888,2143
2944,3528
689,743
11112,14398
251,259
17050,24755
2976,3342
362,385
847,909
1037,1115
605,658
3695,4410
226,250
13546,18813
252,274
7082,8680
7964,9764
914,1036
2329,2604
2724,3072
2452,2801
5428,6610
2287,2560
4616,5413
274,289
4094,4713
543,578
431,460
785,873
11791,15741
762,817
437,469
588,636
8103,10015
674,753
867,958
561,599
1033,1150
649,710
4139,4790
644,700
262,276
3769,4436
3836,4424
4885,5646
3810,4355
597,637
2337,2614
691,743
2981,3342
2871,3395
776,831
2634,2971
906,1001
6415,7823
349,387
807,879
332,363
1110,1222
1051,1126
1669,1829
322,342
9517,12336
1532,1695
4231,4897
1899,2090
2641,2973
829,894
1137,1220
10667,13794
554,599
6485,7752
5953,7147
1615,1772
1318,1446
281,295
276,307
2302,2577
1592,1861
2315,2730
1014,1121
1924,2212
1488,1635
9779,12675
607,653
2477,2785
392,420
5677,6679
884,983
385,427
455,492
314,338
3677,4235
1066,1136
17188,24286
2062,2651
372,392
14389,20356
720,769
1946,2170
618,691
9099,11472
740,791
379,402
3047,3615
158,165
1135,1239
6134,7349
304,323
3103,3492
3358,4017
4680,5449
2614,2836
2118,2330
1051,1174
10104,13197
10950,14043
1138,1231
8920,10941
1276,1378
416,441
3009,3368
398,426
861,950
1892,2092
12219,16343
1449,1651
2679,3021
9498,11924
540,592
1063,1159
919,1008
985,1103
1841,2049
2347,2772
441,478
648,697
2231,2482
742,792
856,934
1765,1962
4931,5686
192,201
503,544
15094,20799
493,536
372,396
3014,3444
1405,1514
4502,5292
809,880
4715,5538
10567,13858
1392,1535
993,1077
1048,1145
1399,1577
4222,4847
3103,3585
237,252
3504,4020
2231,2485
1095,1251
1740,1920
3622,4128
990,1098
5587,6707
4884,5711
4930,5714
1081,1176
4380,5127
3672,4217
871,942
2999,3376
1564,1691
796,841
3169,3688
254,273
1077,1233
1559,1714
12311,16563
1665,1839
546,594
953,1087
15786,21568
882,946
5230,6162
2699,3015
1037,1132
766,837
2362,2660
2401,2672
1859,2049
14936,21141
15238,21458
526,569
450,477
287,307
1343,1462
808,866
5275,6355
331,349
781,840
2246,2471
8786,11293
1362,1509
1936,2147
1936,2144
567,624
8083,9912
771,850
1393,1534
2214,2642
1433,1633
7870,9559
538,580
4853,5633
1166,1277
357,377
893,968
1041,1146
1584,1745
4364,5073
973,1083
4729,5517
6274,7468
617,692
5541,6478
2657,3049
6456,7867
360,379
423,460
3001,3375
9499,12050
4609,5357
840,943
440,470
1095,1186
550,587
238,261
112,119
1192,1313
22822,38456
9060,11337
591,653
754,825
289,313
13188,18115
3327,3849
4354,5030
1885,2152
3828,4401
477,509
314,343
930,1002
6329,7546
1372,1504
864,927
4921,5652
2275,2542
1174,1273
3640,4175
529,563
1852,2061
521,568
1238,1356
1163,1338
9036,11525
1282,1422
3322,3811
1166,1269
7501,9015
528,571
2222,2465
660,722
229,240
671,725
24863,41528
2225,2450
465,491
1253,1368
1202,1352
2792,3181
9890,12219
1723,2006
1200,1368
7486,9521
201,217
1364,1487
725,786
3035,3407
3299,3720
6709,8050
395,430
705,758
1098,1189
468,500
449,479
971,1050
1728,1922
5349,6328
2262,2504
1792,1951
1453,1599
18303,28644
1662,1918
396,413
678,737
2258,2625
596,638
1992,2153
232,254
14147,19608
2287,2548
3440,3917
3016,3375
5692,6815
3193,3600
9580,11972
12372,17156
2034,2361
618,659
1404,1536
4715,5510
906,1004
4886,5756
2241,2501
348,379
7448,9247
4177,4813
2346,2680
1177,1281
2744,3066
6446,7802
1447,1584
1388,1551
285,298
518,552
1040,1121
1348,1466
1703,1889
374,398
911,996
3473,3953
505,551
2337,2615
1055,1140
363,389
3423,4090
8089,9961
1736,1882
865,925
1693,1832
965,1053
2955,3311
163,172
2414,2851
6069,7245
4790,5548
5281,6221
1075,1169
712,765
3225,3709
2221,2496
862,943
1782,2031
899,971
9283,11526
4622,5409
1232,1327
1323,1501
13231,17878
2628,3016
861,962
725,798
2322,2657
502,543
3583,4113
1501,1620
6358,7616
450,484
187,198
3883,4409
893,969
11236,15195
1297,1439
1213,1337
512,547
2204,2559
10182,13203
1960,2171
1070,1154
2119,2366
2193,2456
463,511
5692,6772
827,904
237,248
9257,11376
14350,19506
2526,2895
11277,14941
501,533
318,343
3219,3688
462,507
646,698
313,328
1003,1109
3498,4008
1017,1107
2445,2719
897,998
3231,3617
418,453
267,290
3574,4139
1897,2146
502,537
3399,4040
6595,7881
211,223
1730,1926
1143,1289
5001,5921
389,416
641,688
9782,12194
10215,13316
1826,2001
996,1085
461,499
470,505
1036,1170
705,771
7684,9327
733,791
9285,11734
307,335
876,961
571,617
2039,2424
9018,11161
5638,6735
738,812
732,821
1988,2375
550,591
5279,6344
2090,2443
1214,1327
862,940
408,438
589,671
762,838
2077,2313
3539,4073
2794,3163
6001,7274
616,675
11740,16151
1583,1744
6815,8204
700,752
1242,1354
562,623
10557,13474
9352,12106
321,342
606,649
1589,1750
8722,10955
2037,2448
738,811
21674,34592
2218,2448
303,331
3446,4463
248,263
438,478
587,633
388,422
417,459
404,438
750,825
3776,4320
270,285
10869,15564
208,216
1504,1625
8618,10947
860,926
1528,1762
8330,10317
1553,1707
631,697
5493,6581
274,294
474,516
7755,9663
3723,4251
832,941
3007,3395
2715,3052
851,919
6302,7753
2165,2405
409,444
3967,4590
1380,1595
3835,4445
8806,11165
6770,8153
1069,1169
418,463
1840,2030
3699,4251
520,563
1622,1784
1745,1942
971,1045
1329,1456
3092,3508
3139,3558
2507,2807
8774,11099
4976,5897
4363,5115
12302,16314
644,701
302,326
3946,4513
10050,13019
840,912
534,589
589,632
1909,2126
519,552
1370,1534
5713,6922
16289,22681
1908,2124
16161,22602
936,1056
2757,3118
1450,1608
11624,15193
21495,33612
708,767
4826,5721
1440,1581
11844,15312
244,257
1107,1195
252,269
195,218
10736,13769
394,414
6808,8844
2500,2765
1970,2189
656,698
255,275
1118,1240
363,395
764,854
4854,5626
2418,2723
930,1056
1096,1207
875,952
451,490
1323,1458
957,1038
3285,3737
2657,3144
1566,1733
1036,1141
4282,5024
644,710
225,250
3952,4847
1309,1450
1955,2144
530,590
2403,2728
1652,1849
1760,2034
3234,3586
4668,5356
2488,2765
1890,2197
1260,1396
521,560
6000,7171
811,877
638,679
2144,2389
2747,3069
3672,4201
2134,2370
1978,2168
251,261
204,221
281,303
1318,1471
4177,4811
1557,1774
1842,2025
861,942
1153,1249
2719,3008
13424,18602
1006,1096
2245,2539
14090,22596
645,715
1545,1696
1666,1823
3397,3925
1995,2239
599,658
935,1037
619,684
3675,4201
9699,12142
1509,1657
10337,13139
1240,1351
344,365
4421,5119
321,337
879,940
1644,1814
598,654
748,812
839,903
1132,1254
4916,5688
1792,1957
2764,3280
1729,1894
1154,1258
607,687
6556,7821
8900,11105
2295,2578
4381,5151
611,675
4454,5553
326,360
857,934
3192,3654
1041,1137
269,278
1002,1104
836,918
878,965
4243,4951
7724,9421
1875,2078
1615,1792
5617,6775
474,509
1136,1229
1219,1350
295,317
19282,28362
201,213
5879,6994
8529,10664
5196,6127
5194,6080
2569,2898
3018,3607
1975,2282
1825,2019
12804,17401
27433,47577
1641,1764
1284,1415
741,804
201,211
1943,2248
373,387
4152,4815
1070,1166
559,601
2553,2871
6380,7639
3947,4593
318,340
8146,10047
6071,7155
1541,1682
6009,7240
9864,12837
3400,3898
855,938
293,312
3694,4186
1055,1186
566,602
206,220
4311,5009
437,462
6572,7780
423,445
849,936
4846,5717
5440,6538
335,351
1000,1084
11137,14374
2353,2635
289,308
327,352
497,546
2082,2426
8390,10358
11701,15636
6574,10228
3992,4962
3615,4179
1862,2093
12912,17385
4098,4699
583,644
569,615
1640,1869
4495,5593
7797,9662
1928,2158
281,303
3370,3810
8790,10865
477,505
8402,10226
1449,1577
301,316
346,366
5219,6291
6867,8813
2372,2724
5722,6827
2506,2855
1835,2013
1556,1777
3699,4197
1836,2025
4306,5251
3939,4474
12386,17573
6854,8321
351,372
6977,8320
9984,13006
2186,2453
182,199
242,264
790,858
1193,1305
3835,4450
15474,21796
241,263
5005,5923
283,302
3704,4265
464,493
238,258
491,533
829,893
19648,28848
3958,4591
319,337
1299,1469
540,585
1097,1263
7500,9041
4226,4943
1690,1858
384,409
29994,53604
1411,1545
4789,5636
682,757
9025,11217
12248,16244
6914,8573
490,526
1074,1171
7504,9221
1007,1103
4206,4954
634,686
2303,2597
345,365
6121,7357
794,876
909,991
4831,5661
1334,1481
3002,3347
261,278
1799,2049
7859,10840
1706,1899
1218,1304
2489,2770
6186,7607
2900,3390
2727,3265
566,611
1871,2064
835,911
1259,1377
3413,3868
5315,6274
1182,1315
1457,1659
692,740
635,690
891,984
1044,1124
1293,1429
541,601
484,524
1475,1667
7541,9291
439,477
340,370
3904,4455
556,595
2822,3181
961,1043
1119,1208
651,696
606,673
11553,15078
1346,1486
1315,1441
6085,7256
6646,7969
3397,3918
15131,20565
3731,4276
4890,5679
513,556
230,241
4499,5276
3338,3877
357,377
1205,1320
2184,2453
4983,5902
1143,1264
4056,4741
2012,2312
3620,4207
6211,7401
719,789
351,370
1762,1961
1075,1176
462,489
196,207
6040,7292
622,678
1476,1598
5134,5986
1681,1825
2454,2762
2210,2635
3062,3511
4341,5042
1566,1722
271,295
4443,5170
1401,1539
12194,15827
12891,16759
846,910
153,166
2988,3368
467,500
746,825
2233,2472
23992,39434
2479,2798
717,781
8960,11331
2073,2379
1913,2095
7859,9872
290,305
620,683
697,764
6917,8313
591,639
1527,1672
943,1031
7913,9811
3026,3635
18129,27258
1951,2146
7179,8607
4466,5207
26529,43868
1101,1211
2618,2960
375,395
1269,1431
5818,7061
300,318
1389,1515
570,619
1853,2058
531,567
3124,3502
217,234
306,325
2528,2868
1715,1900
1295,1412
734,792
3564,4082
1305,1437
428,470
10188,12753
3357,3872
1478,1636
4338,5003
584,630
237,251
8788,10877
5407,6358
1543,1686
2467,2785
4989,5839
721,802
2673,3016
335,356
377,398
387,410
3990,4630
1505,1663
501,532
356,376
1437,1561
387,409
7486,9085
1659,1834
17403,24647
1750,1974
3453,3910
7243,8743
10196,13188
284,305
314,334
824,914
1642,1817
415,442
3090,3667
1108,1236
2984,3400
1043,1130
1842,2022
2247,2530
4268,5343
653,723
730,800
245,260
366,395
4099,4761
420,450
6810,8248
360,382
526,573
1101,1200
832,913
5950,7220
2344,2632
291,318
263,287
307,329
2203,2558
3260,3722
6123,7356
6002,7110
1097,1237
9393,11830
577,618
8871,10891
1804,1994
3421,3906
12322,16533
205,219
21491,32092
5971,7111
366,390
718,800
2434,2784
7824,9720
1031,1175
1253,1393
4276,4880
2465,2781
1205,1308
485,513
4420,5148
182,199
4766,5495
662,719
394,422
903,985
8794,11006
8693,11077
5213,6190
262,287
3986,4555
9538,11990
766,823
2661,3142
442,479
4689,5433
7230,8901
1749,2014
1200,1323
4020,4601
1974,2480
1192,1280
3074,3436
1391,1505
389,416
2664,3012
253,270
614,663
778,868
3050,3526
454,479
3077,3495
667,731
989,1110
9720,12860
528,583
339,364
9449,12182
5848,6921
1243,1418
3623,4110
236,249
193,214
1498,1654
6082,7836
807,869
314,343
760,821
549,596
10790,14353
268,288
3607,4172
9297,12168
4634,5453
1336,1444
603,664
976,1057
9668,12224
2169,2405
282,296
1635,1797
1706,1963
13028,22163
1411,1546
6832,8342
2025,2249
440,490
3382,3826
1510,1666
833,902
2254,2497
2804,3169
523,554
740,800
979,1084
2705,3015
3721,4219
3538,4005
5046,5890
8079,10105
4522,5271
665,726
3750,4361
1019,1128
2739,3100
1199,1306
645,687
2875,3414
7503,9114
475,500
2347,2723
926,1049
290,311
428,454
5910,7064
415,448
9787,12235
5508,6464
1065,1193
1109,1251
1181,1287
3518,4055
1834,2136
492,530
3921,4509
10314,13323
2624,2915
277,296
1384,1519
1614,1749
3447,3929
8198,10189
635,709
1393,1526
8226,10149
8155,10154
1933,2217
7873,9823
396,433
3271,3678
373,396
1014,1122
5724,7119
889,995
1045,1134
2363,2665
891,985
422,452
6286,7611
7370,8957
20954,33102
6360,7551
2942,3308
1219,1338
393,419
5190,6137
585,643
636,715
11285,14556
2533,2833
5065,5922
759,828
896,1003
1652,1833
3818,4405
3263,3841
281,302
400,433
2840,3206
2420,2719
6538,8040
1943,2190
2971,3537
1387,1562
7163,8545
3120,3496
1705,1886
12156,15876
2363,2648
2330,2594
537,585
5595,6714
1689,1884
757,810
4043,4650
314,330
11302,14738
959,1072
23728,40318
4989,5855
1058,1154
2361,2621
469,495
14278,19600
485,531
1241,1398
5387,6196
535,587
316,331
527,552
1242,1352
543,595
2990,3382
6787,8209
2338,2616
3408,3894
567,619
203,213
2449,2707
7840,9520
1503,1661
2928,3437
1387,1594
3017,3447
2063,2392
377,401
660,717
1538,1679
3170,3564
448,478
311,321
521,553
780,863
334,357
2571,2900
446,478
15612,21601
17445,25436
5419,6453
2777,3087
1118,1211
729,825
1019,1111
2310,2621
1987,2171
898,978
5356,6402
771,850
455,486
1356,1477
1964,2321
12272,16192
2644,3185
848,918
621,680
5836,7151
1680,1830
2139,2458
367,399
243,261
9129,11550
1565,1795
1131,1243
14602,19544
976,1055
1792,2070
576,633
308,333
474,498
2083,2429
1647,1826
14965,20269
819,880
2950,3350
1805,1981
3740,4215
270,288
2755,3087
6241,7547
300,320
3074,3572
4555,5338
959,1020
4901,5579
737,806
4908,5730
227,238
7089,8520
17702,26110
7199,8765
718,802
9278,11852
2135,2397
2594,2980
16392,22906
594,651
535,589
1898,2202
1899,2135
347,378
1144,1234
2883,3297
759,828
1822,1997
5892,7037
2006,2243
5643,6582
1149,1239
1518,1672
283,314
1482,1649
1513,1664
336,365
3295,3698
1941,2250
341,356
8985,13813
5523,6517
1120,1300
8945,11216
4694,5436
4737,5790
5597,6552
392,431
4223,4844
864,951
429,468
3693,4159
9032,11173
170,183
2233,2669
779,858
8602,13807
5225,6625
6279,7545
5973,7286
403,430
2428,2680
4094,4866
700,766
1322,1457
2308,2590
800,861
672,757
373,394
494,528
10410,13600
2399,2699
1377,1537
553,605
7976,9884
8499,10383
425,452
3677,4232
949,1083
907,985
2645,3025
472,497
1211,1302
3871,4558
264,286
665,737
3982,4563
2897,3300
748,826
3770,4319
328,350
2644,3015
267,297
4871,5738
2961,3327
1329,1446
4015,4648
1248,1333
1545,1714
2916,3586
2702,3018
1470,1607
1549,1760
1983,2184
3716,4239
558,597
3582,4239
4271,4984
2311,2588
2233,2511
3504,4011
297,318
4926,5792
3091,3501
673,730
2974,3357
780,850
463,503
903,996
1522,1675
2195,2434
5638,6840
505,540
108,116
2518,2846
1440,1640
299,320
341,362
961,1056
340,365
298,317
429,462
1529,1673
13448,19493
1122,1250
269,289
4509,5250
1267,1379
910,1016
721,805
4554,5381
12320,16272
10420,13360
4462,5133
286,306
10012,12668
2290,2532
5952,7227
852,931
1224,1320
2769,3281
534,574
561,607
514,547
4964,5946
2788,3192
1273,1391
2838,3442
1563,1711
13570,18973
13036,17773
5618,6826
756,838
4241,4910
734,813
10745,14051
1990,2267
7341,8906
805,879
477,529
17512,25987
1939,2190
2354,2835
7744,9541
2152,2366
1401,1533
2438,2713
251,265
1573,1815
576,616
496,527
2990,3404
238,251
1120,1262
2108,2317
387,407
427,456
375,400
1462,1585
348,363
495,538
1283,1437
584,626
1693,1848
1153,1267
1224,1372
1260,1420
3765,4389
7905,9502
6965,8605
1914,2147
6234,7411
700,767
4030,4692
2382,2690
1036,1112
2176,2421
1393,1531
1019,1126
625,665
6014,7200
2933,3339
4717,5548
1265,1381
1494,1640
2984,3370
2593,2935
619,659
9674,12958
256,271
5505,6443
6913,8350
230,240
4109,4882
4063,4656
1030,1124
6591,7975
544,595
1926,2111
284,301
4877,5861
1567,1742
234,253
2056,2299
712,778
1376,1513
1005,1098
3141,3549
4300,5045
311,341
1877,2074
290,309
2953,3323
4708,5472
1547,1706
4359,5031
1150,1290
6018,7144
551,594
5106,5952
3037,3483
3993,4614
2200,2577
15713,22390
4831,5803
2927,3280
1345,1486
1983,2206
534,579
4744,6003
669,723
645,693
715,768
403,438
452,485
315,331
799,859
953,1041
3969,4501
1433,1561
3957,4604
1211,1342
3837,4552
2007,2299
489,532
766,825
2565,2950
2724,3119
408,434
8424,10743
1664,1810
779,853
11202,14206
3261,3705
3663,4154
591,631
5532,6691
634,703
280,313
8507,10885
382,407
5228,6233
1169,1273
2901,3243
7052,8517
13316,17758
4713,5427
4349,4976
777,866
1808,2024
231,248
6753,8042
2527,2850
407,438
916,1000
1526,1690
599,650
2061,2315
281,309
2032,2285
3076,3461
245,262
1713,1911
205,225
1931,2114
23117,35427
13205,17918
7393,8910
9615,12238
5824,6855
1362,1489
8733,11166
10570,13795
5828,7057
296,322
2246,2457
208,218
4098,4698
168,177
3802,4311
3681,4181
9724,12201
4590,5314
2242,2511
1203,1394
6562,7815
317,339
1728,1863
333,370
2570,2890
488,512
9873,12690
3107,4002
634,679
464,487
3827,4509
846,960
1344,1472
7720,9718
3426,3921
1049,1146
358,385
1005,1103
4545,5219
323,332
513,560
2129,2366
1680,1836
579,631
325,342
1824,1999
1417,1567
614,672
1216,1342
1732,1940
641,688
473,506
5153,6047
1388,1572
736,799
1271,1393
878,949
5490,6477
2192,2448
1394,1508
2683,3142
1298,1469
5092,5977
114,124
1834,2092
3966,4706
1374,1504
897,999
1698,1886
5005,5898
242,259
2815,3158
1082,1212
468,515
1213,1358
1207,1335
2505,2828
7929,10146
3251,3650
5556,7169
2078,2331
329,358
2629,2950
2254,2507
556,602
4698,5512
2861,3204
2333,2596
542,572
7737,9564
1001,1090
900,961
1645,1802
269,295
741,802
1980,2195
446,478
1850,2060
9283,11885
9366,11760
1877,2085
3263,3740
11288,14651
250,272
8884,11052
14018,19035
4693,6988
1443,1608
1968,2214
750,825
7068,8506
2286,2528
8545,10579
450,484
621,666
2130,2354
11053,14139
660,733
833,895
1833,2004
384,422
1035,1166
3959,4660
1860,2037
1866,2085
4341,5172
4166,4755
1259,1422
16515,23226
8285,10170
1314,1507
510,572
6008,7255
3565,4049
736,806
1569,1729
529,586
9206,11746
29632,55823
2185,2435
1170,1284
1368,1496
781,835
1569,1692
935,1034
3627,4168
827,892
2724,3312
300,330
289,312
2611,2927
1785,1984
1847,2073
3053,3556
432,462
10989,14334
1611,1853
2821,3280
5354,6238
6412,7832
125,132
1399,1591
17832,25861
3332,3751
2215,2479
4336,5002
3184,3669
481,520
5206,6101
3227,3688
911,986
842,900
2048,2275
403,432
7067,8426
1157,1307
1169,1261
1990,2230
804,874
564,604
8735,10914
519,587
6749,8202
